[{"post_id":"1473","multi_location":"_287_","id_location":"","address":"rue Boissy d'Anglas Paris, France","price":"","sale_price":"0","child_price":"50","adult_price":"100","infant_price":"10","min_price":"9","type_activity":"specific_date","check_in":"2015-01-28","check_out":"2015-01-31","rate_review":"2","activity_booking_period":"0","max_people":"1","duration":"3 hours","is_sale_schedule":"off","discount":"10","sale_price_from":"0000-00-00","sale_price_to":"0000-00-00"},{"post_id":"1474","multi_location":"_287_","id_location":"","address":"rue des Beaux Arts, Paris France","price":"","sale_price":"","child_price":"50","adult_price":"100","infant_price":"10","min_price":"","type_activity":"specific_date","check_in":"2015-01-09","check_out":"2015-01-30","rate_review":"4","activity_booking_period":"0","max_people":"10","duration":"12","is_sale_schedule":"off","discount":"0","sale_price_from":"0000-00-00","sale_price_to":"0000-00-00"},{"post_id":"1040","multi_location":"_287_","id_location":"","address":"Champs-Elys\u00e9es, Paris France","price":"","sale_price":"0","child_price":"100","adult_price":"200","infant_price":"20","min_price":"16","type_activity":"specific_date","check_in":"2015-01-09","check_out":"2015-01-16","rate_review":"3","activity_booking_period":"0","max_people":"1","duration":"3 hours","is_sale_schedule":"off","discount":"20","sale_price_from":"0000-00-00","sale_price_to":"0000-00-00"},{"post_id":"1556","multi_location":"_287_","id_location":"","address":"rue des Beaux Arts, Paris France","price":"","sale_price":"","child_price":"50","adult_price":"100","infant_price":"10","min_price":"10","type_activity":"specific_date","check_in":"2015-01-09","check_out":"2015-01-30","rate_review":"5","activity_booking_period":"0","max_people":"1","duration":"2 hours","is_sale_schedule":"off","discount":"0","sale_price_from":"0000-00-00","sale_price_to":"0000-00-00"},{"post_id":"1555","multi_location":"_287_","id_location":"","address":"Champs-Elys\u00e9es, Paris France","price":"","sale_price":"0","child_price":"50","adult_price":"100","infant_price":"10","min_price":"","type_activity":"specific_date","check_in":"2015-01-09","check_out":"2015-01-16","rate_review":"4","activity_booking_period":"0","max_people":"1","duration":"3 hours","is_sale_schedule":"off","discount":"20","sale_price_from":"0000-00-00","sale_price_to":"0000-00-00"},{"post_id":"1554","multi_location":"_287_","id_location":"","address":"rue Boissy d'Anglas Paris, France","price":"","sale_price":"0","child_price":"50","adult_price":"100","infant_price":"10","min_price":"8","type_activity":"specific_date","check_in":"2015-01-28","check_out":"2015-01-31","rate_review":"5","activity_booking_period":"0","max_people":"1","duration":"1 day","is_sale_schedule":"off","discount":"20","sale_price_from":"0000-00-00","sale_price_to":"0000-00-00"},{"post_id":"1562","multi_location":"_287_","id_location":"","address":"rue Boissy d'Anglas Paris, France","price":"","sale_price":"0","child_price":"50","adult_price":"100","infant_price":"10","min_price":"","type_activity":"daily_activity","check_in":"2015-01-28","check_out":"2015-01-31","rate_review":"5","activity_booking_period":"3","max_people":"1","duration":"1 day","is_sale_schedule":"off","discount":"10","sale_price_from":"0000-00-00","sale_price_to":"0000-00-00"},{"post_id":"1564","multi_location":"_287_","id_location":"","address":"Champs-Elys\u00e9es, Paris France","price":"","sale_price":"0","child_price":"50","adult_price":"100","infant_price":"10","min_price":"8","type_activity":"specific_date","check_in":"2015-01-09","check_out":"2015-01-16","rate_review":"4","activity_booking_period":"0","max_people":"1","duration":"4 hours","is_sale_schedule":"off","discount":"20","sale_price_from":"0000-00-00","sale_price_to":"0000-00-00"},{"post_id":"1563","multi_location":"_287_","id_location":"","address":"rue des Beaux Arts, Paris France","price":"","sale_price":"","child_price":"50","adult_price":"100","infant_price":"10","min_price":"","type_activity":"specific_date","check_in":"2015-01-09","check_out":"2015-01-30","rate_review":"1","activity_booking_period":"0","max_people":"1","duration":"2 hours","is_sale_schedule":"off","discount":"0","sale_price_from":"0000-00-00","sale_price_to":"0000-00-00"},{"post_id":"1565","multi_location":"_287_","id_location":"","address":"rue Boissy d'Anglas Paris, France","price":"","sale_price":"0","child_price":"50","adult_price":"100","infant_price":"10","min_price":"","type_activity":"daily_activity","check_in":"2015-01-28","check_out":"2015-01-31","rate_review":"5","activity_booking_period":"0","max_people":"1","duration":"2 hours","is_sale_schedule":"off","discount":"10","sale_price_from":"0000-00-00","sale_price_to":"0000-00-00"},{"post_id":"1566","multi_location":"_287_","id_location":"","address":"rue des Beaux Arts, Paris France","price":"","sale_price":"","child_price":"50","adult_price":"100","infant_price":"10","min_price":"","type_activity":"daily_activity","check_in":"2015-01-09","check_out":"2015-01-30","rate_review":"5","activity_booking_period":"0","max_people":"1","duration":"1 day","is_sale_schedule":"off","discount":"0","sale_price_from":"0000-00-00","sale_price_to":"0000-00-00"},{"post_id":"1570","multi_location":"_287_","id_location":"","address":"rue des Beaux Arts, Paris France","price":"","sale_price":"","child_price":"50","adult_price":"100","infant_price":"10","min_price":"10","type_activity":"daily_activity","check_in":"2015-02-02","check_out":"2015-02-03","rate_review":"5","activity_booking_period":"0","max_people":"1","duration":"2 hours","is_sale_schedule":"off","discount":"0","sale_price_from":"0000-00-00","sale_price_to":"0000-00-00"},{"post_id":"1571","multi_location":"_287_","id_location":"","address":"Avenue of the Americas, New York.","price":"","sale_price":"0","child_price":"50","adult_price":"100","infant_price":"10","min_price":"8","type_activity":"daily_activity","check_in":"2015-01-28","check_out":"2015-01-31","rate_review":"2","activity_booking_period":"0","max_people":"1","duration":"2 hours","is_sale_schedule":"off","discount":"20","sale_price_from":"0000-00-00","sale_price_to":"0000-00-00"},{"post_id":"1569","multi_location":"_275_","id_location":"","address":"Avenue of the Americas, New York","price":"","sale_price":"0","child_price":"50","adult_price":"100","infant_price":"10","min_price":"9","type_activity":"daily_activity","check_in":"2015-01-28","check_out":"2015-01-31","rate_review":"4","activity_booking_period":"0","max_people":"1","duration":"3 hours","is_sale_schedule":"off","discount":"10","sale_price_from":"0000-00-00","sale_price_to":"0000-00-00"},{"post_id":"1568","multi_location":"_277_","id_location":"","address":"Avenue of the Americas, New York","price":"","sale_price":"","child_price":"50","adult_price":"100","infant_price":"10","min_price":"","type_activity":"specific_date","check_in":"2016-01-15","check_out":"2015-01-17","rate_review":"5","activity_booking_period":"0","max_people":"10","duration":"4 hours","is_sale_schedule":"on","discount":"20","sale_price_from":"2015-02-05","sale_price_to":"2015-02-07"}]