[{"post_id":"679","multi_location":"_287_","id_location":"","cars_address":"Paris","cars_price":"70","sale_price":"70","number_car":"1","cars_booking_period":"0","is_sale_schedule":"off","discount":"","sale_price_from":"0000-00-00","sale_price_to":"0000-00-00"},{"post_id":"904","multi_location":"_287_","id_location":"","cars_address":"Paris","cars_price":"90","sale_price":"45","number_car":"1","cars_booking_period":"0","is_sale_schedule":"off","discount":"50","sale_price_from":"2015-02-04","sale_price_to":"2015-02-05"},{"post_id":"905","multi_location":"_287_","id_location":"","cars_address":"Paris","cars_price":"100","sale_price":"100","number_car":"1","cars_booking_period":"0","is_sale_schedule":"off","discount":"","sale_price_from":"0000-00-00","sale_price_to":"0000-00-00"},{"post_id":"906","multi_location":"_287_","id_location":"","cars_address":"Paris","cars_price":"200","sale_price":"200","number_car":"1","cars_booking_period":"0","is_sale_schedule":"off","discount":"","sale_price_from":"0000-00-00","sale_price_to":"0000-00-00"},{"post_id":"907","multi_location":"_287_","id_location":"","cars_address":"New York: JFK International Airport Federal Circle Bldf. 312, Jamaica, NY (NY), United States, 11430","cars_price":"400","sale_price":"200","number_car":"10","cars_booking_period":"0","is_sale_schedule":"off","discount":"50","sale_price_from":"0000-00-00","sale_price_to":"0000-00-00"},{"post_id":"908","multi_location":"_287_","id_location":"","cars_address":"Paris","cars_price":"45","sale_price":"45","number_car":"1","cars_booking_period":"0","is_sale_schedule":"off","discount":"","sale_price_from":"0000-00-00","sale_price_to":"0000-00-00"},{"post_id":"1531","multi_location":"_287_","id_location":"","cars_address":"Paris","cars_price":"45","sale_price":"45","number_car":"1","cars_booking_period":"0","is_sale_schedule":"off","discount":"","sale_price_from":"0000-00-00","sale_price_to":"0000-00-00"},{"post_id":"1536","multi_location":"_287_","id_location":"","cars_address":"Paris","cars_price":"100","sale_price":"50","number_car":"1","cars_booking_period":"0","is_sale_schedule":"off","discount":"50","sale_price_from":"0000-00-00","sale_price_to":"0000-00-00"},{"post_id":"1537","multi_location":"_287_","id_location":"","cars_address":"Paris","cars_price":"90","sale_price":"90","number_car":"1","cars_booking_period":"0","is_sale_schedule":"off","discount":"","sale_price_from":"0000-00-00","sale_price_to":"0000-00-00"},{"post_id":"1538","multi_location":"_287_","id_location":"","cars_address":"Paris","cars_price":"100","sale_price":"100","number_car":"1","cars_booking_period":"0","is_sale_schedule":"off","discount":"","sale_price_from":"0000-00-00","sale_price_to":"0000-00-00"},{"post_id":"1539","multi_location":"_287_","id_location":"","cars_address":"Paris","cars_price":"70","sale_price":"56","number_car":"1","cars_booking_period":"0","is_sale_schedule":"off","discount":"20","sale_price_from":"0000-00-00","sale_price_to":"0000-00-00"},{"post_id":"1540","multi_location":"_285_,_287_,_286_,_1946_,_1947_,_275_","id_location":"","cars_address":"Paris","cars_price":"200","sale_price":"120","number_car":"1","cars_booking_period":"0","is_sale_schedule":"on","discount":"40","sale_price_from":"2016-06-16","sale_price_to":"2017-09-12"},{"post_id":"1542","multi_location":"_285_,_275_","id_location":"","cars_address":"New York City","cars_price":"90","sale_price":"90","number_car":"1","cars_booking_period":"0","is_sale_schedule":"off","discount":"","sale_price_from":"0000-00-00","sale_price_to":"0000-00-00"},{"post_id":"1543","multi_location":"_1946_,_275_","id_location":"","cars_address":"Paris","cars_price":"100","sale_price":"100","number_car":"1","cars_booking_period":"0","is_sale_schedule":"off","discount":"","sale_price_from":"0000-00-00","sale_price_to":"0000-00-00"},{"post_id":"1541","multi_location":"_275_","id_location":"","cars_address":"New York City","cars_price":"70","sale_price":"66.5","number_car":"1","cars_booking_period":"0","is_sale_schedule":"off","discount":"5","sale_price_from":"0000-00-00","sale_price_to":"0000-00-00"},{"post_id":"1572","multi_location":"_287_","id_location":"","cars_address":"Paris","cars_price":"60","sale_price":"60","number_car":"10","cars_booking_period":"1","is_sale_schedule":"off","discount":"","sale_price_from":"2015-02-14","sale_price_to":"2015-02-28"}]