[{"id":"1","post_id":"8","location_from":"275","location_to":"0","post_type":"st_hotel","location_type":"multi_location"},{"id":"2","post_id":"17","location_from":"275","location_to":"0","post_type":"st_hotel","location_type":"multi_location"},{"id":"3","post_id":"185","location_from":"282","location_to":"0","post_type":"st_hotel","location_type":"multi_location"},{"id":"4","post_id":"186","location_from":"275","location_to":"0","post_type":"st_hotel","location_type":"multi_location"},{"id":"5","post_id":"490","location_from":"287","location_to":"0","post_type":"hotel_room","location_type":"multi_location"},{"id":"6","post_id":"491","location_from":"287","location_to":"0","post_type":"hotel_room","location_type":"multi_location"},{"id":"7","post_id":"530","location_from":"277","location_to":"0","post_type":"st_hotel","location_type":"multi_location"},{"id":"8","post_id":"531","location_from":"275","location_to":"0","post_type":"st_hotel","location_type":"multi_location"},{"id":"9","post_id":"532","location_from":"279","location_to":"0","post_type":"st_hotel","location_type":"multi_location"},{"id":"10","post_id":"533","location_from":"1957","location_to":"0","post_type":"st_hotel","location_type":"multi_location"},{"id":"11","post_id":"602","location_from":"279","location_to":"0","post_type":"hotel_room","location_type":"multi_location"},{"id":"12","post_id":"605","location_from":"275","location_to":"0","post_type":"st_hotel","location_type":"multi_location"},{"id":"13","post_id":"655","location_from":"1957","location_to":"0","post_type":"hotel_room","location_type":"multi_location"},{"id":"14","post_id":"658","location_from":"284","location_to":"0","post_type":"st_hotel","location_type":"multi_location"},{"id":"15","post_id":"664","location_from":"287","location_to":"0","post_type":"hotel_room","location_type":"multi_location"},{"id":"16","post_id":"665","location_from":"275","location_to":"0","post_type":"hotel_room","location_type":"multi_location"},{"id":"17","post_id":"666","location_from":"287","location_to":"0","post_type":"hotel_room","location_type":"multi_location"},{"id":"18","post_id":"679","location_from":"287","location_to":"0","post_type":"st_cars","location_type":"multi_location"},{"id":"19","post_id":"904","location_from":"287","location_to":"0","post_type":"st_cars","location_type":"multi_location"},{"id":"20","post_id":"905","location_from":"287","location_to":"0","post_type":"st_cars","location_type":"multi_location"},{"id":"21","post_id":"906","location_from":"287","location_to":"0","post_type":"st_cars","location_type":"multi_location"},{"id":"22","post_id":"907","location_from":"287","location_to":"0","post_type":"st_cars","location_type":"multi_location"},{"id":"23","post_id":"908","location_from":"287","location_to":"0","post_type":"st_cars","location_type":"multi_location"},{"id":"24","post_id":"953","location_from":"287","location_to":"0","post_type":"st_hotel","location_type":"multi_location"},{"id":"25","post_id":"954","location_from":"275","location_to":"0","post_type":"st_hotel","location_type":"multi_location"},{"id":"26","post_id":"979","location_from":"276","location_to":"0","post_type":"st_hotel","location_type":"multi_location"},{"id":"27","post_id":"980","location_from":"276","location_to":"0","post_type":"st_hotel","location_type":"multi_location"},{"id":"28","post_id":"981","location_from":"287","location_to":"0","post_type":"st_hotel","location_type":"multi_location"},{"id":"29","post_id":"982","location_from":"287","location_to":"0","post_type":"st_hotel","location_type":"multi_location"},{"id":"30","post_id":"984","location_from":"287","location_to":"0","post_type":"st_hotel","location_type":"multi_location"},{"id":"31","post_id":"986","location_from":"287","location_to":"0","post_type":"st_hotel","location_type":"multi_location"},{"id":"32","post_id":"987","location_from":"287","location_to":"0","post_type":"st_hotel","location_type":"multi_location"},{"id":"33","post_id":"988","location_from":"287","location_to":"0","post_type":"st_hotel","location_type":"multi_location"},{"id":"34","post_id":"989","location_from":"287","location_to":"0","post_type":"st_hotel","location_type":"multi_location"},{"id":"35","post_id":"990","location_from":"287","location_to":"0","post_type":"st_hotel","location_type":"multi_location"},{"id":"36","post_id":"991","location_from":"287","location_to":"0","post_type":"st_hotel","location_type":"multi_location"},{"id":"37","post_id":"992","location_from":"287","location_to":"0","post_type":"st_hotel","location_type":"multi_location"},{"id":"38","post_id":"994","location_from":"287","location_to":"0","post_type":"hotel_room","location_type":"multi_location"},{"id":"39","post_id":"996","location_from":"275","location_to":"0","post_type":"hotel_room","location_type":"multi_location"},{"id":"40","post_id":"998","location_from":"279","location_to":"0","post_type":"hotel_room","location_type":"multi_location"},{"id":"41","post_id":"999","location_from":"275","location_to":"0","post_type":"hotel_room","location_type":"multi_location"},{"id":"42","post_id":"1000","location_from":"287","location_to":"0","post_type":"hotel_room","location_type":"multi_location"},{"id":"43","post_id":"1001","location_from":"275","location_to":"0","post_type":"hotel_room","location_type":"multi_location"},{"id":"44","post_id":"1003","location_from":"287","location_to":"0","post_type":"hotel_room","location_type":"multi_location"},{"id":"45","post_id":"1005","location_from":"1957","location_to":"0","post_type":"hotel_room","location_type":"multi_location"},{"id":"46","post_id":"1006","location_from":"275","location_to":"0","post_type":"hotel_room","location_type":"multi_location"},{"id":"47","post_id":"1007","location_from":"1957","location_to":"0","post_type":"hotel_room","location_type":"multi_location"},{"id":"48","post_id":"1008","location_from":"287","location_to":"0","post_type":"hotel_room","location_type":"multi_location"},{"id":"49","post_id":"1009","location_from":"1957","location_to":"0","post_type":"hotel_room","location_type":"multi_location"},{"id":"50","post_id":"1011","location_from":"275","location_to":"0","post_type":"hotel_room","location_type":"multi_location"},{"id":"51","post_id":"1012","location_from":"275","location_to":"0","post_type":"hotel_room","location_type":"multi_location"},{"id":"52","post_id":"1013","location_from":"287","location_to":"0","post_type":"hotel_room","location_type":"multi_location"},{"id":"53","post_id":"1028","location_from":"287","location_to":"0","post_type":"st_tours","location_type":"multi_location"},{"id":"54","post_id":"1029","location_from":"283","location_to":"0","post_type":"st_tours","location_type":"multi_location"},{"id":"55","post_id":"1030","location_from":"287","location_to":"0","post_type":"st_tours","location_type":"multi_location"},{"id":"56","post_id":"1031","location_from":"277","location_to":"0","post_type":"st_tours","location_type":"multi_location"},{"id":"57","post_id":"1032","location_from":"287","location_to":"0","post_type":"st_tours","location_type":"multi_location"},{"id":"58","post_id":"1040","location_from":"287","location_to":"0","post_type":"st_activity","location_type":"multi_location"},{"id":"59","post_id":"1084","location_from":"275","location_to":"0","post_type":"st_rental","location_type":"multi_location"},{"id":"60","post_id":"1090","location_from":"287","location_to":"0","post_type":"st_rental","location_type":"multi_location"},{"id":"61","post_id":"1091","location_from":"275","location_to":"0","post_type":"st_rental","location_type":"multi_location"},{"id":"62","post_id":"1407","location_from":"287","location_to":"0","post_type":"st_rental","location_type":"multi_location"},{"id":"63","post_id":"1408","location_from":"287","location_to":"0","post_type":"st_rental","location_type":"multi_location"},{"id":"64","post_id":"1409","location_from":"287","location_to":"0","post_type":"st_rental","location_type":"multi_location"},{"id":"65","post_id":"1411","location_from":"287","location_to":"0","post_type":"st_rental","location_type":"multi_location"},{"id":"66","post_id":"1412","location_from":"287","location_to":"0","post_type":"st_rental","location_type":"multi_location"},{"id":"67","post_id":"1413","location_from":"287","location_to":"0","post_type":"st_rental","location_type":"multi_location"},{"id":"68","post_id":"1414","location_from":"287","location_to":"0","post_type":"st_rental","location_type":"multi_location"},{"id":"69","post_id":"1415","location_from":"276","location_to":"0","post_type":"st_rental","location_type":"multi_location"},{"id":"70","post_id":"1416","location_from":"275","location_to":"0","post_type":"st_rental","location_type":"multi_location"},{"id":"71","post_id":"1417","location_from":"275","location_to":"0","post_type":"st_rental","location_type":"multi_location"},{"id":"72","post_id":"1418","location_from":"276","location_to":"0","post_type":"st_rental","location_type":"multi_location"},{"id":"73","post_id":"1419","location_from":"275","location_to":"0","post_type":"st_rental","location_type":"multi_location"},{"id":"74","post_id":"1420","location_from":"275","location_to":"0","post_type":"st_rental","location_type":"multi_location"},{"id":"75","post_id":"1425","location_from":"287","location_to":"0","post_type":"st_rental","location_type":"multi_location"},{"id":"76","post_id":"1426","location_from":"1957","location_to":"0","post_type":"st_rental","location_type":"multi_location"},{"id":"77","post_id":"1427","location_from":"287","location_to":"0","post_type":"st_rental","location_type":"multi_location"},{"id":"78","post_id":"1428","location_from":"287","location_to":"0","post_type":"st_rental","location_type":"multi_location"},{"id":"79","post_id":"1473","location_from":"287","location_to":"0","post_type":"st_activity","location_type":"multi_location"},{"id":"80","post_id":"1474","location_from":"287","location_to":"0","post_type":"st_activity","location_type":"multi_location"},{"id":"81","post_id":"1531","location_from":"287","location_to":"0","post_type":"st_cars","location_type":"multi_location"},{"id":"82","post_id":"1536","location_from":"287","location_to":"0","post_type":"st_cars","location_type":"multi_location"},{"id":"83","post_id":"1537","location_from":"287","location_to":"0","post_type":"st_cars","location_type":"multi_location"},{"id":"84","post_id":"1538","location_from":"287","location_to":"0","post_type":"st_cars","location_type":"multi_location"},{"id":"85","post_id":"1539","location_from":"287","location_to":"0","post_type":"st_cars","location_type":"multi_location"},{"id":"86","post_id":"1540","location_from":"285","location_to":"0","post_type":"st_cars","location_type":"multi_location"},{"id":"87","post_id":"1540","location_from":"287","location_to":"0","post_type":"st_cars","location_type":"multi_location"},{"id":"88","post_id":"1540","location_from":"286","location_to":"0","post_type":"st_cars","location_type":"multi_location"},{"id":"89","post_id":"1540","location_from":"1946","location_to":"0","post_type":"st_cars","location_type":"multi_location"},{"id":"90","post_id":"1540","location_from":"1947","location_to":"0","post_type":"st_cars","location_type":"multi_location"},{"id":"91","post_id":"1540","location_from":"275","location_to":"0","post_type":"st_cars","location_type":"multi_location"},{"id":"92","post_id":"1541","location_from":"275","location_to":"0","post_type":"st_cars","location_type":"multi_location"},{"id":"93","post_id":"1542","location_from":"285","location_to":"0","post_type":"st_cars","location_type":"multi_location"},{"id":"94","post_id":"1542","location_from":"275","location_to":"0","post_type":"st_cars","location_type":"multi_location"},{"id":"95","post_id":"1543","location_from":"1946","location_to":"0","post_type":"st_cars","location_type":"multi_location"},{"id":"96","post_id":"1543","location_from":"275","location_to":"0","post_type":"st_cars","location_type":"multi_location"},{"id":"97","post_id":"1554","location_from":"287","location_to":"0","post_type":"st_activity","location_type":"multi_location"},{"id":"98","post_id":"1555","location_from":"287","location_to":"0","post_type":"st_activity","location_type":"multi_location"},{"id":"99","post_id":"1556","location_from":"287","location_to":"0","post_type":"st_activity","location_type":"multi_location"},{"id":"100","post_id":"1562","location_from":"287","location_to":"0","post_type":"st_activity","location_type":"multi_location"},{"id":"101","post_id":"1563","location_from":"287","location_to":"0","post_type":"st_activity","location_type":"multi_location"},{"id":"102","post_id":"1564","location_from":"287","location_to":"0","post_type":"st_activity","location_type":"multi_location"},{"id":"103","post_id":"1565","location_from":"287","location_to":"0","post_type":"st_activity","location_type":"multi_location"},{"id":"104","post_id":"1566","location_from":"287","location_to":"0","post_type":"st_activity","location_type":"multi_location"},{"id":"105","post_id":"1568","location_from":"277","location_to":"0","post_type":"st_activity","location_type":"multi_location"},{"id":"106","post_id":"1569","location_from":"275","location_to":"0","post_type":"st_activity","location_type":"multi_location"},{"id":"107","post_id":"1570","location_from":"287","location_to":"0","post_type":"st_activity","location_type":"multi_location"},{"id":"108","post_id":"1571","location_from":"287","location_to":"0","post_type":"st_activity","location_type":"multi_location"},{"id":"109","post_id":"1572","location_from":"287","location_to":"0","post_type":"st_cars","location_type":"multi_location"},{"id":"110","post_id":"1610","location_from":"287","location_to":"0","post_type":"st_tours","location_type":"multi_location"},{"id":"111","post_id":"1611","location_from":"287","location_to":"0","post_type":"st_tours","location_type":"multi_location"},{"id":"112","post_id":"1612","location_from":"287","location_to":"0","post_type":"st_tours","location_type":"multi_location"},{"id":"113","post_id":"1613","location_from":"275","location_to":"0","post_type":"st_tours","location_type":"multi_location"},{"id":"114","post_id":"1614","location_from":"287","location_to":"0","post_type":"st_tours","location_type":"multi_location"},{"id":"115","post_id":"1616","location_from":"287","location_to":"0","post_type":"st_tours","location_type":"multi_location"},{"id":"116","post_id":"1973","location_from":"287","location_to":"0","post_type":"hotel_room","location_type":"multi_location"},{"id":"117","post_id":"4578","location_from":"287","location_to":"0","post_type":"hotel_room","location_type":"multi_location"},{"id":"118","post_id":"4579","location_from":"287","location_to":"0","post_type":"hotel_room","location_type":"multi_location"},{"id":"119","post_id":"4581","location_from":"275","location_to":"0","post_type":"hotel_room","location_type":"multi_location"},{"id":"120","post_id":"4583","location_from":"287","location_to":"0","post_type":"hotel_room","location_type":"multi_location"},{"id":"121","post_id":"4584","location_from":"287","location_to":"0","post_type":"hotel_room","location_type":"multi_location"},{"id":"122","post_id":"4586","location_from":"287","location_to":"0","post_type":"hotel_room","location_type":"multi_location"},{"id":"123","post_id":"4587","location_from":"287","location_to":"0","post_type":"hotel_room","location_type":"multi_location"},{"id":"124","post_id":"4589","location_from":"287","location_to":"0","post_type":"hotel_room","location_type":"multi_location"},{"id":"125","post_id":"4590","location_from":"287","location_to":"0","post_type":"hotel_room","location_type":"multi_location"},{"id":"126","post_id":"4593","location_from":"276","location_to":"0","post_type":"hotel_room","location_type":"multi_location"},{"id":"127","post_id":"4594","location_from":"276","location_to":"0","post_type":"hotel_room","location_type":"multi_location"},{"id":"128","post_id":"4595","location_from":"284","location_to":"0","post_type":"hotel_room","location_type":"multi_location"},{"id":"129","post_id":"4596","location_from":"277","location_to":"0","post_type":"hotel_room","location_type":"multi_location"},{"id":"130","post_id":"4597","location_from":"275","location_to":"0","post_type":"hotel_room","location_type":"multi_location"},{"id":"131","post_id":"4598","location_from":"275","location_to":"0","post_type":"hotel_room","location_type":"multi_location"},{"id":"132","post_id":"4599","location_from":"282","location_to":"0","post_type":"hotel_room","location_type":"multi_location"},{"id":"133","post_id":"4600","location_from":"287","location_to":"0","post_type":"st_hotel","location_type":"multi_location"},{"id":"134","post_id":"4601","location_from":"287","location_to":"0","post_type":"st_hotel","location_type":"multi_location"},{"id":"135","post_id":"4605","location_from":"287","location_to":"0","post_type":"hotel_room","location_type":"multi_location"},{"id":"136","post_id":"4606","location_from":"287","location_to":"0","post_type":"hotel_room","location_type":"multi_location"},{"id":"137","post_id":"4765","location_from":"287","location_to":"0","post_type":"hotel_room","location_type":"multi_location"}]