[{"post_id":"1084","multi_location":"_275_","location_id":"","address":"6782 Sarasea Circle, Siesta Key, FL 34242","allow_full_day":"","rental_max_adult":"5","rental_max_children":"1","rate_review":"3","sale_price":"306","rentals_booking_period":"0","is_sale_schedule":"off","discount_rate":"10","sale_price_from":"0000-00-00","sale_price_to":"0000-00-00","price":"340"},{"post_id":"1090","multi_location":"_287_","location_id":"","address":"Champs-Elys\u00e9es, 8\u00e8me 5 rue de Berri 75008 Paris France","allow_full_day":"on","rental_max_adult":"4","rental_max_children":"1","rate_review":"3","sale_price":"312","rentals_booking_period":"0","is_sale_schedule":"off","discount_rate":"","sale_price_from":"0000-00-00","sale_price_to":"0000-00-00","price":"312"},{"post_id":"1091","multi_location":"_275_","location_id":"","address":"6782 Sarasea Circle, Siesta Key, FL 34242","allow_full_day":"on","rental_max_adult":"4","rental_max_children":"1","rate_review":"3.8","sale_price":"171","rentals_booking_period":"0","is_sale_schedule":"off","discount_rate":"50","sale_price_from":"0000-00-00","sale_price_to":"0000-00-00","price":"342"},{"post_id":"1407","multi_location":"_287_","location_id":"","address":"7 Rue De Berri Champs Elysees Paris , 75008 France","allow_full_day":"","rental_max_adult":"5","rental_max_children":"1","rate_review":"4","sale_price":"324","rentals_booking_period":"0","is_sale_schedule":"off","discount_rate":"10","sale_price_from":"0000-00-00","sale_price_to":"0000-00-00","price":"360"},{"post_id":"1411","multi_location":"_287_","location_id":"","address":"7 Rue De Berri Champs Elysees Paris , 75008 France","allow_full_day":"on","rental_max_adult":"5","rental_max_children":"1","rate_review":"5","sale_price":"235","rentals_booking_period":"0","is_sale_schedule":"off","discount_rate":"0","sale_price_from":"0000-00-00","sale_price_to":"0000-00-00","price":"235"},{"post_id":"1408","multi_location":"_287_","location_id":"","address":"16 rue de Berri, 75008 PARIS","allow_full_day":"on","rental_max_adult":"3","rental_max_children":"3","rate_review":"3","sale_price":"336","rentals_booking_period":"0","is_sale_schedule":"off","discount_rate":"20","sale_price_from":"0000-00-00","sale_price_to":"0000-00-00","price":"420"},{"post_id":"1409","multi_location":"_287_","location_id":"","address":"16 rue de Berri, 75008 PARIS","allow_full_day":"","rental_max_adult":"5","rental_max_children":"2","rate_review":"2","sale_price":"342","rentals_booking_period":"0","is_sale_schedule":"off","discount_rate":"0","sale_price_from":"0000-00-00","sale_price_to":"0000-00-00","price":"342"},{"post_id":"1412","multi_location":"_287_","location_id":"","address":"16 rue de Berri, 75008 PARIS","allow_full_day":"","rental_max_adult":"4","rental_max_children":"3","rate_review":"4","sale_price":"252","rentals_booking_period":"0","is_sale_schedule":"off","discount_rate":"40","sale_price_from":"0000-00-00","sale_price_to":"0000-00-00","price":"420"},{"post_id":"1413","multi_location":"_287_","location_id":"","address":"16 rue de Berri, 75008 PARIS","allow_full_day":"on","rental_max_adult":"5","rental_max_children":"2","rate_review":"4.6","sale_price":"499","rentals_booking_period":"0","is_sale_schedule":"off","discount_rate":"","sale_price_from":"0000-00-00","sale_price_to":"0000-00-00","price":"499"},{"post_id":"1414","multi_location":"_287_","location_id":"","address":"7 Rue De Berri Champs Elysees Paris , 75008 France","allow_full_day":"on","rental_max_adult":"4","rental_max_children":"1","rate_review":"4","sale_price":"324","rentals_booking_period":"0","is_sale_schedule":"off","discount_rate":"0","sale_price_from":"0000-00-00","sale_price_to":"0000-00-00","price":"324"},{"post_id":"1415","multi_location":"_276_","location_id":"","address":"Pierpoint Road Cairns , QLD 4870 Australia","allow_full_day":"on","rental_max_adult":"5","rental_max_children":"2","rate_review":"3.4","sale_price":"324","rentals_booking_period":"0","is_sale_schedule":"off","discount_rate":"10","sale_price_from":"0000-00-00","sale_price_to":"0000-00-00","price":"360"},{"post_id":"1416","multi_location":"_275_","location_id":"","address":"6782 Sarasea Circle, Siesta Key, FL 34242","allow_full_day":"","rental_max_adult":"5","rental_max_children":"2","rate_review":"4.6","sale_price":"314","rentals_booking_period":"0","is_sale_schedule":"off","discount_rate":"","sale_price_from":"0000-00-00","sale_price_to":"0000-00-00","price":"314"},{"post_id":"1417","multi_location":"_275_","location_id":"","address":"6782 Sarasea Circle, Siesta Key, FL 34242","allow_full_day":"on","rental_max_adult":"5","rental_max_children":"2","rate_review":"5","sale_price":"342","rentals_booking_period":"0","is_sale_schedule":"off","discount_rate":"10","sale_price_from":"0000-00-00","sale_price_to":"0000-00-00","price":"380"},{"post_id":"1418","multi_location":"_276_","location_id":"","address":"Pierpoint Road Cairns , QLD 4870 Australia","allow_full_day":"on","rental_max_adult":"3","rental_max_children":"2","rate_review":"2","sale_price":"432","rentals_booking_period":"0","is_sale_schedule":"off","discount_rate":"10","sale_price_from":"0000-00-00","sale_price_to":"0000-00-00","price":"480"},{"post_id":"1419","multi_location":"_275_","location_id":"","address":"6782 Sarasea Circle, Siesta Key, FL 34242","allow_full_day":"","rental_max_adult":"1","rental_max_children":"1","rate_review":"2","sale_price":"405","rentals_booking_period":"0","is_sale_schedule":"off","discount_rate":"10","sale_price_from":"0000-00-00","sale_price_to":"0000-00-00","price":"450"},{"post_id":"1420","multi_location":"_275_","location_id":"","address":"6782 Sarasea Circle, Siesta Key, FL 34242","allow_full_day":"on","rental_max_adult":"1","rental_max_children":"1","rate_review":"4.2","sale_price":"345","rentals_booking_period":"0","is_sale_schedule":"off","discount_rate":"","sale_price_from":"0000-00-00","sale_price_to":"0000-00-00","price":"345"},{"post_id":"1425","multi_location":"_287_","location_id":"","address":"4 Rue De Valois Paris , 75001 France","allow_full_day":"on","rental_max_adult":"3","rental_max_children":"2","rate_review":"4.4","sale_price":"240","rentals_booking_period":"0","is_sale_schedule":"off","discount_rate":"0","sale_price_from":"0000-00-00","sale_price_to":"0000-00-00","price":"240"},{"post_id":"1427","multi_location":"_287_","location_id":"","address":"4 Rue De Valois Paris , 75001 France","allow_full_day":"","rental_max_adult":"3","rental_max_children":"2","rate_review":"5","sale_price":"342","rentals_booking_period":"0","is_sale_schedule":"off","discount_rate":"","sale_price_from":"0000-00-00","sale_price_to":"0000-00-00","price":"342"},{"post_id":"1426","multi_location":"_1957_","location_id":"","address":"Champs-Elys\u00e9es, 8\u00e8me 5 rue de Berri 75008 Paris France","allow_full_day":"on","rental_max_adult":"3","rental_max_children":"2","rate_review":"4","sale_price":"246","rentals_booking_period":"0","is_sale_schedule":"off","discount_rate":"40","sale_price_from":"0000-00-00","sale_price_to":"0000-00-00","price":"410"},{"post_id":"1428","multi_location":"_287_","location_id":"","address":"Champs-Elys\u00e9es, 8\u00e8me 5 rue de Berri 75008 Paris France","allow_full_day":"on","rental_max_adult":"3","rental_max_children":"3","rate_review":"3.4","sale_price":"380","rentals_booking_period":"0","is_sale_schedule":"off","discount_rate":"","sale_price_from":"0000-00-00","sale_price_to":"0000-00-00","price":"380"}]