<?xml version="1.0" encoding="UTF-8" ?>
<!-- This is a WordPress eXtended RSS file generated by WordPress as an export of your site. -->
<!-- It contains information about your site's posts, pages, comments, categories, and other content. -->
<!-- You may use this file to transfer that content from one site to another. -->
<!-- This file is not intended to serve as a complete backup of your site. -->

<!-- To import this information into a WordPress site follow these steps: -->
<!-- 1. Log in to that site as an administrator. -->
<!-- 2. Go to Tools: Import in the WordPress admin panel. -->
<!-- 3. Install the "WordPress" importer from the list. -->
<!-- 4. Activate & Run Importer. -->
<!-- 5. Upload this file using the form provided on that page. -->
<!-- 6. You will first be asked to map the authors in this export file to users -->
<!--    on the site. For each author, you may choose to map to an -->
<!--    existing user on the site or to create a new user. -->
<!-- 7. WordPress will then import each of the posts, pages, comments, categories, etc. -->
<!--    contained in this file into your site. -->

<!-- generator="WordPress/4.8" created="2017-07-26 09:12" -->
<rss version="2.0"
	xmlns:excerpt="http://wordpress.org/export/1.2/excerpt/"
	xmlns:content="http://purl.org/rss/1.0/modules/content/"
	xmlns:wfw="http://wellformedweb.org/CommentAPI/"
	xmlns:dc="http://purl.org/dc/elements/1.1/"
	xmlns:wp="http://wordpress.org/export/1.2/"
>

<channel>
	<title>Traveler</title>
	<link>http://travelerdata.wpengine.com</link>
	<description>Just another WordPress site</description>
	<pubDate>Wed, 26 Jul 2017 09:12:34 +0000</pubDate>
	<language>en-US</language>
	<wp:wxr_version>1.2</wp:wxr_version>
	<wp:base_site_url>http://travelerdata.wpengine.com</wp:base_site_url>
	<wp:base_blog_url>http://travelerdata.wpengine.com</wp:base_blog_url>

	<wp:author><wp:author_id>1</wp:author_id><wp:author_login><![CDATA[admin]]></wp:author_login><wp:author_email><![CDATA[hanhnhan.hna@gmail.com]]></wp:author_email><wp:author_display_name><![CDATA[admin]]></wp:author_display_name><wp:author_first_name><![CDATA[]]></wp:author_first_name><wp:author_last_name><![CDATA[]]></wp:author_last_name></wp:author>


	<generator>https://wordpress.org/?v=4.8</generator>

	<item>
		<title>Ha Noi - Paris VietNam Airline</title>
		<link>http://travelerdata.wpengine.com/st_flight/ha-noi-paris-vietnam-airline/</link>
		<pubDate>Tue, 25 Jul 2017 07:57:18 +0000</pubDate>
		<dc:creator><![CDATA[admin]]></dc:creator>
		<guid isPermaLink="false">http://travelerdata.wpengine.com/?post_type=st_flight&#038;p=6619</guid>
		<description></description>
		<content:encoded><![CDATA[]]></content:encoded>
		<excerpt:encoded><![CDATA[]]></excerpt:encoded>
		<wp:post_id>6619</wp:post_id>
		<wp:post_date><![CDATA[2017-07-25 07:57:18]]></wp:post_date>
		<wp:post_date_gmt><![CDATA[2017-07-25 07:57:18]]></wp:post_date_gmt>
		<wp:comment_status><![CDATA[closed]]></wp:comment_status>
		<wp:ping_status><![CDATA[closed]]></wp:ping_status>
		<wp:post_name><![CDATA[ha-noi-paris-vietnam-airline]]></wp:post_name>
		<wp:status><![CDATA[publish]]></wp:status>
		<wp:post_parent>0</wp:post_parent>
		<wp:menu_order>0</wp:menu_order>
		<wp:post_type><![CDATA[st_flight]]></wp:post_type>
		<wp:post_password><![CDATA[]]></wp:post_password>
		<wp:is_sticky>0</wp:is_sticky>
		<category domain="st_airport" nicename="charles-de-gaulle-airport"><![CDATA[Charles de Gaulle Airport]]></category>
		<category domain="st_airport" nicename="noi-bai-airport"><![CDATA[Noi Bai Airport]]></category>
		<category domain="st_airline" nicename="vietnam-airline"><![CDATA[VietNam Airline]]></category>
		<wp:postmeta>
			<wp:meta_key><![CDATA[min_price]]></wp:meta_key>
			<wp:meta_value><![CDATA[]]></wp:meta_value>
		</wp:postmeta>
		<wp:postmeta>
			<wp:meta_key><![CDATA[rate_review]]></wp:meta_key>
			<wp:meta_value><![CDATA[0]]></wp:meta_value>
		</wp:postmeta>
		<wp:postmeta>
			<wp:meta_key><![CDATA[_vc_post_settings]]></wp:meta_key>
			<wp:meta_value><![CDATA[a:1:{s:10:"vc_grid_id";a:0:{}}]]></wp:meta_value>
		</wp:postmeta>
		<wp:postmeta>
			<wp:meta_key><![CDATA[_edit_last]]></wp:meta_key>
			<wp:meta_value><![CDATA[1]]></wp:meta_value>
		</wp:postmeta>
		<wp:postmeta>
			<wp:meta_key><![CDATA[airline]]></wp:meta_key>
			<wp:meta_value><![CDATA[145]]></wp:meta_value>
		</wp:postmeta>
		<wp:postmeta>
			<wp:meta_key><![CDATA[origin]]></wp:meta_key>
			<wp:meta_value><![CDATA[140]]></wp:meta_value>
		</wp:postmeta>
		<wp:postmeta>
			<wp:meta_key><![CDATA[destination]]></wp:meta_key>
			<wp:meta_value><![CDATA[136]]></wp:meta_value>
		</wp:postmeta>
		<wp:postmeta>
			<wp:meta_key><![CDATA[departure_time]]></wp:meta_key>
			<wp:meta_value><![CDATA[10:20 am]]></wp:meta_value>
		</wp:postmeta>
		<wp:postmeta>
			<wp:meta_key><![CDATA[total_time]]></wp:meta_key>
			<wp:meta_value><![CDATA[a:2:{s:4:"hour";s:1:"6";s:6:"minute";s:2:"10";}]]></wp:meta_value>
		</wp:postmeta>
		<wp:postmeta>
			<wp:meta_key><![CDATA[flight_type]]></wp:meta_key>
			<wp:meta_value><![CDATA[direct]]></wp:meta_value>
		</wp:postmeta>
		<wp:postmeta>
			<wp:meta_key><![CDATA[arrival_stop]]></wp:meta_key>
			<wp:meta_value><![CDATA[a:2:{s:4:"hour";s:1:"0";s:6:"minute";s:1:"0";}]]></wp:meta_value>
		</wp:postmeta>
		<wp:postmeta>
			<wp:meta_key><![CDATA[st_stopover_time]]></wp:meta_key>
			<wp:meta_value><![CDATA[a:2:{s:4:"hour";s:1:"0";s:6:"minute";s:1:"0";}]]></wp:meta_value>
		</wp:postmeta>
		<wp:postmeta>
			<wp:meta_key><![CDATA[departure_stop]]></wp:meta_key>
			<wp:meta_value><![CDATA[a:2:{s:4:"hour";s:1:"0";s:6:"minute";s:1:"0";}]]></wp:meta_value>
		</wp:postmeta>
		<wp:postmeta>
			<wp:meta_key><![CDATA[arrival_stop_1]]></wp:meta_key>
			<wp:meta_value><![CDATA[a:2:{s:4:"hour";s:1:"0";s:6:"minute";s:1:"0";}]]></wp:meta_value>
		</wp:postmeta>
		<wp:postmeta>
			<wp:meta_key><![CDATA[st_stopover_time_1]]></wp:meta_key>
			<wp:meta_value><![CDATA[a:2:{s:4:"hour";s:1:"0";s:6:"minute";s:1:"0";}]]></wp:meta_value>
		</wp:postmeta>
		<wp:postmeta>
			<wp:meta_key><![CDATA[arrival_stop_2]]></wp:meta_key>
			<wp:meta_value><![CDATA[a:2:{s:4:"hour";s:1:"0";s:6:"minute";s:1:"0";}]]></wp:meta_value>
		</wp:postmeta>
		<wp:postmeta>
			<wp:meta_key><![CDATA[st_stopover_time_2]]></wp:meta_key>
			<wp:meta_value><![CDATA[a:2:{s:4:"hour";s:1:"0";s:6:"minute";s:1:"0";}]]></wp:meta_value>
		</wp:postmeta>
		<wp:postmeta>
			<wp:meta_key><![CDATA[departure_stop_2]]></wp:meta_key>
			<wp:meta_value><![CDATA[a:2:{s:4:"hour";s:1:"0";s:6:"minute";s:1:"0";}]]></wp:meta_value>
		</wp:postmeta>
		<wp:postmeta>
			<wp:meta_key><![CDATA[max_ticket]]></wp:meta_key>
			<wp:meta_value><![CDATA[100]]></wp:meta_value>
		</wp:postmeta>
		<wp:postmeta>
			<wp:meta_key><![CDATA[enable_tax]]></wp:meta_key>
			<wp:meta_value><![CDATA[yes_not_included]]></wp:meta_value>
		</wp:postmeta>
		<wp:postmeta>
			<wp:meta_key><![CDATA[vat_amount]]></wp:meta_key>
			<wp:meta_value><![CDATA[10]]></wp:meta_value>
		</wp:postmeta>
		<wp:postmeta>
			<wp:meta_key><![CDATA[is_meta_payment_gateway_st_submit_form]]></wp:meta_key>
			<wp:meta_value><![CDATA[on]]></wp:meta_value>
		</wp:postmeta>
		<wp:postmeta>
			<wp:meta_key><![CDATA[is_meta_payment_gateway_st_paypal]]></wp:meta_key>
			<wp:meta_value><![CDATA[on]]></wp:meta_value>
		</wp:postmeta>
		<wp:postmeta>
			<wp:meta_key><![CDATA[is_meta_payment_gateway_st_paypal_adaptivepayment]]></wp:meta_key>
			<wp:meta_value><![CDATA[on]]></wp:meta_value>
		</wp:postmeta>
		<wp:postmeta>
			<wp:meta_key><![CDATA[is_meta_payment_gateway_st_stripe]]></wp:meta_key>
			<wp:meta_value><![CDATA[on]]></wp:meta_value>
		</wp:postmeta>
		<wp:postmeta>
			<wp:meta_key><![CDATA[is_meta_payment_gateway_st_payfast]]></wp:meta_key>
			<wp:meta_value><![CDATA[on]]></wp:meta_value>
		</wp:postmeta>
	</item>
	<item>
		<title>Paris - Ha Noi Air France</title>
		<link>http://travelerdata.wpengine.com/st_flight/paris-ha-noi-air-france/</link>
		<pubDate>Tue, 25 Jul 2017 08:04:46 +0000</pubDate>
		<dc:creator><![CDATA[admin]]></dc:creator>
		<guid isPermaLink="false">http://travelerdata.wpengine.com/?post_type=st_flight&#038;p=6621</guid>
		<description></description>
		<content:encoded><![CDATA[]]></content:encoded>
		<excerpt:encoded><![CDATA[]]></excerpt:encoded>
		<wp:post_id>6621</wp:post_id>
		<wp:post_date><![CDATA[2017-07-25 08:04:46]]></wp:post_date>
		<wp:post_date_gmt><![CDATA[2017-07-25 08:04:46]]></wp:post_date_gmt>
		<wp:comment_status><![CDATA[closed]]></wp:comment_status>
		<wp:ping_status><![CDATA[closed]]></wp:ping_status>
		<wp:post_name><![CDATA[paris-ha-noi-air-france]]></wp:post_name>
		<wp:status><![CDATA[publish]]></wp:status>
		<wp:post_parent>0</wp:post_parent>
		<wp:menu_order>0</wp:menu_order>
		<wp:post_type><![CDATA[st_flight]]></wp:post_type>
		<wp:post_password><![CDATA[]]></wp:post_password>
		<wp:is_sticky>0</wp:is_sticky>
		<category domain="st_airline" nicename="air-france"><![CDATA[Air France]]></category>
		<category domain="st_airport" nicename="charles-de-gaulle-airport"><![CDATA[Charles de Gaulle Airport]]></category>
		<category domain="st_airport" nicename="noi-bai-airport"><![CDATA[Noi Bai Airport]]></category>
		<wp:postmeta>
			<wp:meta_key><![CDATA[min_price]]></wp:meta_key>
			<wp:meta_value><![CDATA[]]></wp:meta_value>
		</wp:postmeta>
		<wp:postmeta>
			<wp:meta_key><![CDATA[rate_review]]></wp:meta_key>
			<wp:meta_value><![CDATA[0]]></wp:meta_value>
		</wp:postmeta>
		<wp:postmeta>
			<wp:meta_key><![CDATA[_vc_post_settings]]></wp:meta_key>
			<wp:meta_value><![CDATA[a:1:{s:10:"vc_grid_id";a:0:{}}]]></wp:meta_value>
		</wp:postmeta>
		<wp:postmeta>
			<wp:meta_key><![CDATA[_edit_last]]></wp:meta_key>
			<wp:meta_value><![CDATA[1]]></wp:meta_value>
		</wp:postmeta>
		<wp:postmeta>
			<wp:meta_key><![CDATA[airline]]></wp:meta_key>
			<wp:meta_value><![CDATA[146]]></wp:meta_value>
		</wp:postmeta>
		<wp:postmeta>
			<wp:meta_key><![CDATA[origin]]></wp:meta_key>
			<wp:meta_value><![CDATA[136]]></wp:meta_value>
		</wp:postmeta>
		<wp:postmeta>
			<wp:meta_key><![CDATA[destination]]></wp:meta_key>
			<wp:meta_value><![CDATA[140]]></wp:meta_value>
		</wp:postmeta>
		<wp:postmeta>
			<wp:meta_key><![CDATA[departure_time]]></wp:meta_key>
			<wp:meta_value><![CDATA[02:10 pm]]></wp:meta_value>
		</wp:postmeta>
		<wp:postmeta>
			<wp:meta_key><![CDATA[total_time]]></wp:meta_key>
			<wp:meta_value><![CDATA[a:2:{s:4:"hour";s:1:"6";s:6:"minute";s:1:"0";}]]></wp:meta_value>
		</wp:postmeta>
		<wp:postmeta>
			<wp:meta_key><![CDATA[flight_type]]></wp:meta_key>
			<wp:meta_value><![CDATA[direct]]></wp:meta_value>
		</wp:postmeta>
		<wp:postmeta>
			<wp:meta_key><![CDATA[arrival_stop]]></wp:meta_key>
			<wp:meta_value><![CDATA[a:2:{s:4:"hour";s:1:"0";s:6:"minute";s:1:"0";}]]></wp:meta_value>
		</wp:postmeta>
		<wp:postmeta>
			<wp:meta_key><![CDATA[st_stopover_time]]></wp:meta_key>
			<wp:meta_value><![CDATA[a:2:{s:4:"hour";s:1:"0";s:6:"minute";s:1:"0";}]]></wp:meta_value>
		</wp:postmeta>
		<wp:postmeta>
			<wp:meta_key><![CDATA[departure_stop]]></wp:meta_key>
			<wp:meta_value><![CDATA[a:2:{s:4:"hour";s:1:"0";s:6:"minute";s:1:"0";}]]></wp:meta_value>
		</wp:postmeta>
		<wp:postmeta>
			<wp:meta_key><![CDATA[arrival_stop_1]]></wp:meta_key>
			<wp:meta_value><![CDATA[a:2:{s:4:"hour";s:1:"0";s:6:"minute";s:1:"0";}]]></wp:meta_value>
		</wp:postmeta>
		<wp:postmeta>
			<wp:meta_key><![CDATA[st_stopover_time_1]]></wp:meta_key>
			<wp:meta_value><![CDATA[a:2:{s:4:"hour";s:1:"0";s:6:"minute";s:1:"0";}]]></wp:meta_value>
		</wp:postmeta>
		<wp:postmeta>
			<wp:meta_key><![CDATA[arrival_stop_2]]></wp:meta_key>
			<wp:meta_value><![CDATA[a:2:{s:4:"hour";s:1:"0";s:6:"minute";s:1:"0";}]]></wp:meta_value>
		</wp:postmeta>
		<wp:postmeta>
			<wp:meta_key><![CDATA[st_stopover_time_2]]></wp:meta_key>
			<wp:meta_value><![CDATA[a:2:{s:4:"hour";s:1:"0";s:6:"minute";s:1:"0";}]]></wp:meta_value>
		</wp:postmeta>
		<wp:postmeta>
			<wp:meta_key><![CDATA[departure_stop_2]]></wp:meta_key>
			<wp:meta_value><![CDATA[a:2:{s:4:"hour";s:1:"0";s:6:"minute";s:1:"0";}]]></wp:meta_value>
		</wp:postmeta>
		<wp:postmeta>
			<wp:meta_key><![CDATA[max_ticket]]></wp:meta_key>
			<wp:meta_value><![CDATA[100]]></wp:meta_value>
		</wp:postmeta>
		<wp:postmeta>
			<wp:meta_key><![CDATA[enable_tax]]></wp:meta_key>
			<wp:meta_value><![CDATA[yes_not_included]]></wp:meta_value>
		</wp:postmeta>
		<wp:postmeta>
			<wp:meta_key><![CDATA[vat_amount]]></wp:meta_key>
			<wp:meta_value><![CDATA[10]]></wp:meta_value>
		</wp:postmeta>
		<wp:postmeta>
			<wp:meta_key><![CDATA[is_meta_payment_gateway_st_submit_form]]></wp:meta_key>
			<wp:meta_value><![CDATA[on]]></wp:meta_value>
		</wp:postmeta>
		<wp:postmeta>
			<wp:meta_key><![CDATA[is_meta_payment_gateway_st_paypal]]></wp:meta_key>
			<wp:meta_value><![CDATA[on]]></wp:meta_value>
		</wp:postmeta>
		<wp:postmeta>
			<wp:meta_key><![CDATA[is_meta_payment_gateway_st_paypal_adaptivepayment]]></wp:meta_key>
			<wp:meta_value><![CDATA[on]]></wp:meta_value>
		</wp:postmeta>
		<wp:postmeta>
			<wp:meta_key><![CDATA[is_meta_payment_gateway_st_stripe]]></wp:meta_key>
			<wp:meta_value><![CDATA[on]]></wp:meta_value>
		</wp:postmeta>
		<wp:postmeta>
			<wp:meta_key><![CDATA[is_meta_payment_gateway_st_payfast]]></wp:meta_key>
			<wp:meta_value><![CDATA[on]]></wp:meta_value>
		</wp:postmeta>
	</item>
	<item>
		<title>Paris(Orly) - Ha Noi</title>
		<link>http://travelerdata.wpengine.com/st_flight/parisorly-ha-noi/</link>
		<pubDate>Tue, 25 Jul 2017 08:07:56 +0000</pubDate>
		<dc:creator><![CDATA[admin]]></dc:creator>
		<guid isPermaLink="false">http://travelerdata.wpengine.com/?post_type=st_flight&#038;p=6623</guid>
		<description></description>
		<content:encoded><![CDATA[]]></content:encoded>
		<excerpt:encoded><![CDATA[]]></excerpt:encoded>
		<wp:post_id>6623</wp:post_id>
		<wp:post_date><![CDATA[2017-07-25 08:07:56]]></wp:post_date>
		<wp:post_date_gmt><![CDATA[2017-07-25 08:07:56]]></wp:post_date_gmt>
		<wp:comment_status><![CDATA[closed]]></wp:comment_status>
		<wp:ping_status><![CDATA[closed]]></wp:ping_status>
		<wp:post_name><![CDATA[parisorly-ha-noi]]></wp:post_name>
		<wp:status><![CDATA[publish]]></wp:status>
		<wp:post_parent>0</wp:post_parent>
		<wp:menu_order>0</wp:menu_order>
		<wp:post_type><![CDATA[st_flight]]></wp:post_type>
		<wp:post_password><![CDATA[]]></wp:post_password>
		<wp:is_sticky>0</wp:is_sticky>
		<category domain="st_airline" nicename="air-france"><![CDATA[Air France]]></category>
		<category domain="st_airport" nicename="noi-bai-airport"><![CDATA[Noi Bai Airport]]></category>
		<category domain="st_airport" nicename="orly-airport"><![CDATA[Orly Airport]]></category>
		<wp:postmeta>
			<wp:meta_key><![CDATA[min_price]]></wp:meta_key>
			<wp:meta_value><![CDATA[]]></wp:meta_value>
		</wp:postmeta>
		<wp:postmeta>
			<wp:meta_key><![CDATA[rate_review]]></wp:meta_key>
			<wp:meta_value><![CDATA[0]]></wp:meta_value>
		</wp:postmeta>
		<wp:postmeta>
			<wp:meta_key><![CDATA[_vc_post_settings]]></wp:meta_key>
			<wp:meta_value><![CDATA[a:1:{s:10:"vc_grid_id";a:0:{}}]]></wp:meta_value>
		</wp:postmeta>
		<wp:postmeta>
			<wp:meta_key><![CDATA[_edit_last]]></wp:meta_key>
			<wp:meta_value><![CDATA[1]]></wp:meta_value>
		</wp:postmeta>
		<wp:postmeta>
			<wp:meta_key><![CDATA[airline]]></wp:meta_key>
			<wp:meta_value><![CDATA[146]]></wp:meta_value>
		</wp:postmeta>
		<wp:postmeta>
			<wp:meta_key><![CDATA[origin]]></wp:meta_key>
			<wp:meta_value><![CDATA[124]]></wp:meta_value>
		</wp:postmeta>
		<wp:postmeta>
			<wp:meta_key><![CDATA[destination]]></wp:meta_key>
			<wp:meta_value><![CDATA[140]]></wp:meta_value>
		</wp:postmeta>
		<wp:postmeta>
			<wp:meta_key><![CDATA[departure_time]]></wp:meta_key>
			<wp:meta_value><![CDATA[03:30 pm]]></wp:meta_value>
		</wp:postmeta>
		<wp:postmeta>
			<wp:meta_key><![CDATA[total_time]]></wp:meta_key>
			<wp:meta_value><![CDATA[a:2:{s:4:"hour";s:1:"7";s:6:"minute";s:1:"0";}]]></wp:meta_value>
		</wp:postmeta>
		<wp:postmeta>
			<wp:meta_key><![CDATA[flight_type]]></wp:meta_key>
			<wp:meta_value><![CDATA[direct]]></wp:meta_value>
		</wp:postmeta>
		<wp:postmeta>
			<wp:meta_key><![CDATA[arrival_stop]]></wp:meta_key>
			<wp:meta_value><![CDATA[a:2:{s:4:"hour";s:1:"0";s:6:"minute";s:1:"0";}]]></wp:meta_value>
		</wp:postmeta>
		<wp:postmeta>
			<wp:meta_key><![CDATA[st_stopover_time]]></wp:meta_key>
			<wp:meta_value><![CDATA[a:2:{s:4:"hour";s:1:"0";s:6:"minute";s:1:"0";}]]></wp:meta_value>
		</wp:postmeta>
		<wp:postmeta>
			<wp:meta_key><![CDATA[departure_stop]]></wp:meta_key>
			<wp:meta_value><![CDATA[a:2:{s:4:"hour";s:1:"0";s:6:"minute";s:1:"0";}]]></wp:meta_value>
		</wp:postmeta>
		<wp:postmeta>
			<wp:meta_key><![CDATA[arrival_stop_1]]></wp:meta_key>
			<wp:meta_value><![CDATA[a:2:{s:4:"hour";s:1:"0";s:6:"minute";s:1:"0";}]]></wp:meta_value>
		</wp:postmeta>
		<wp:postmeta>
			<wp:meta_key><![CDATA[st_stopover_time_1]]></wp:meta_key>
			<wp:meta_value><![CDATA[a:2:{s:4:"hour";s:1:"0";s:6:"minute";s:1:"0";}]]></wp:meta_value>
		</wp:postmeta>
		<wp:postmeta>
			<wp:meta_key><![CDATA[arrival_stop_2]]></wp:meta_key>
			<wp:meta_value><![CDATA[a:2:{s:4:"hour";s:1:"0";s:6:"minute";s:1:"0";}]]></wp:meta_value>
		</wp:postmeta>
		<wp:postmeta>
			<wp:meta_key><![CDATA[st_stopover_time_2]]></wp:meta_key>
			<wp:meta_value><![CDATA[a:2:{s:4:"hour";s:1:"0";s:6:"minute";s:1:"0";}]]></wp:meta_value>
		</wp:postmeta>
		<wp:postmeta>
			<wp:meta_key><![CDATA[departure_stop_2]]></wp:meta_key>
			<wp:meta_value><![CDATA[a:2:{s:4:"hour";s:1:"0";s:6:"minute";s:1:"0";}]]></wp:meta_value>
		</wp:postmeta>
		<wp:postmeta>
			<wp:meta_key><![CDATA[max_ticket]]></wp:meta_key>
			<wp:meta_value><![CDATA[100]]></wp:meta_value>
		</wp:postmeta>
		<wp:postmeta>
			<wp:meta_key><![CDATA[enable_tax]]></wp:meta_key>
			<wp:meta_value><![CDATA[yes_not_included]]></wp:meta_value>
		</wp:postmeta>
		<wp:postmeta>
			<wp:meta_key><![CDATA[vat_amount]]></wp:meta_key>
			<wp:meta_value><![CDATA[10]]></wp:meta_value>
		</wp:postmeta>
		<wp:postmeta>
			<wp:meta_key><![CDATA[is_meta_payment_gateway_st_submit_form]]></wp:meta_key>
			<wp:meta_value><![CDATA[on]]></wp:meta_value>
		</wp:postmeta>
		<wp:postmeta>
			<wp:meta_key><![CDATA[is_meta_payment_gateway_st_paypal]]></wp:meta_key>
			<wp:meta_value><![CDATA[on]]></wp:meta_value>
		</wp:postmeta>
		<wp:postmeta>
			<wp:meta_key><![CDATA[is_meta_payment_gateway_st_paypal_adaptivepayment]]></wp:meta_key>
			<wp:meta_value><![CDATA[on]]></wp:meta_value>
		</wp:postmeta>
		<wp:postmeta>
			<wp:meta_key><![CDATA[is_meta_payment_gateway_st_stripe]]></wp:meta_key>
			<wp:meta_value><![CDATA[on]]></wp:meta_value>
		</wp:postmeta>
		<wp:postmeta>
			<wp:meta_key><![CDATA[is_meta_payment_gateway_st_payfast]]></wp:meta_key>
			<wp:meta_value><![CDATA[on]]></wp:meta_value>
		</wp:postmeta>
	</item>
	<item>
		<title>Ha Noi - New York VietNam Airline</title>
		<link>http://travelerdata.wpengine.com/st_flight/ha-noi-new-york-vietnam-airline/</link>
		<pubDate>Wed, 26 Jul 2017 01:45:02 +0000</pubDate>
		<dc:creator><![CDATA[admin]]></dc:creator>
		<guid isPermaLink="false">http://travelerdata.wpengine.com/?post_type=st_flight&#038;p=6644</guid>
		<description></description>
		<content:encoded><![CDATA[]]></content:encoded>
		<excerpt:encoded><![CDATA[]]></excerpt:encoded>
		<wp:post_id>6644</wp:post_id>
		<wp:post_date><![CDATA[2017-07-26 01:45:02]]></wp:post_date>
		<wp:post_date_gmt><![CDATA[2017-07-26 01:45:02]]></wp:post_date_gmt>
		<wp:comment_status><![CDATA[closed]]></wp:comment_status>
		<wp:ping_status><![CDATA[closed]]></wp:ping_status>
		<wp:post_name><![CDATA[ha-noi-new-york-vietnam-airline]]></wp:post_name>
		<wp:status><![CDATA[publish]]></wp:status>
		<wp:post_parent>0</wp:post_parent>
		<wp:menu_order>0</wp:menu_order>
		<wp:post_type><![CDATA[st_flight]]></wp:post_type>
		<wp:post_password><![CDATA[]]></wp:post_password>
		<wp:is_sticky>0</wp:is_sticky>
		<category domain="st_airport" nicename="john-f-kennedy-international-airport"><![CDATA[John F. Kennedy International Airport]]></category>
		<category domain="st_airport" nicename="noi-bai-airport"><![CDATA[Noi Bai Airport]]></category>
		<category domain="st_airline" nicename="vietnam-airline"><![CDATA[VietNam Airline]]></category>
		<wp:postmeta>
			<wp:meta_key><![CDATA[min_price]]></wp:meta_key>
			<wp:meta_value><![CDATA[]]></wp:meta_value>
		</wp:postmeta>
		<wp:postmeta>
			<wp:meta_key><![CDATA[rate_review]]></wp:meta_key>
			<wp:meta_value><![CDATA[0]]></wp:meta_value>
		</wp:postmeta>
		<wp:postmeta>
			<wp:meta_key><![CDATA[_vc_post_settings]]></wp:meta_key>
			<wp:meta_value><![CDATA[a:1:{s:10:"vc_grid_id";a:0:{}}]]></wp:meta_value>
		</wp:postmeta>
		<wp:postmeta>
			<wp:meta_key><![CDATA[_edit_last]]></wp:meta_key>
			<wp:meta_value><![CDATA[1]]></wp:meta_value>
		</wp:postmeta>
		<wp:postmeta>
			<wp:meta_key><![CDATA[airline]]></wp:meta_key>
			<wp:meta_value><![CDATA[145]]></wp:meta_value>
		</wp:postmeta>
		<wp:postmeta>
			<wp:meta_key><![CDATA[origin]]></wp:meta_key>
			<wp:meta_value><![CDATA[140]]></wp:meta_value>
		</wp:postmeta>
		<wp:postmeta>
			<wp:meta_key><![CDATA[destination]]></wp:meta_key>
			<wp:meta_value><![CDATA[144]]></wp:meta_value>
		</wp:postmeta>
		<wp:postmeta>
			<wp:meta_key><![CDATA[departure_time]]></wp:meta_key>
			<wp:meta_value><![CDATA[10:00 am]]></wp:meta_value>
		</wp:postmeta>
		<wp:postmeta>
			<wp:meta_key><![CDATA[total_time]]></wp:meta_key>
			<wp:meta_value><![CDATA[a:2:{s:4:"hour";s:2:"13";s:6:"minute";s:2:"40";}]]></wp:meta_value>
		</wp:postmeta>
		<wp:postmeta>
			<wp:meta_key><![CDATA[flight_type]]></wp:meta_key>
			<wp:meta_value><![CDATA[one_stop]]></wp:meta_value>
		</wp:postmeta>
		<wp:postmeta>
			<wp:meta_key><![CDATA[airport_stop]]></wp:meta_key>
			<wp:meta_value><![CDATA[141]]></wp:meta_value>
		</wp:postmeta>
		<wp:postmeta>
			<wp:meta_key><![CDATA[airline_stop]]></wp:meta_key>
			<wp:meta_value><![CDATA[151]]></wp:meta_value>
		</wp:postmeta>
		<wp:postmeta>
			<wp:meta_key><![CDATA[arrival_stop]]></wp:meta_key>
			<wp:meta_value><![CDATA[a:2:{s:4:"hour";s:1:"5";s:6:"minute";s:2:"10";}]]></wp:meta_value>
		</wp:postmeta>
		<wp:postmeta>
			<wp:meta_key><![CDATA[st_stopover_time]]></wp:meta_key>
			<wp:meta_value><![CDATA[a:2:{s:4:"hour";s:1:"2";s:6:"minute";s:1:"0";}]]></wp:meta_value>
		</wp:postmeta>
		<wp:postmeta>
			<wp:meta_key><![CDATA[departure_stop]]></wp:meta_key>
			<wp:meta_value><![CDATA[a:2:{s:4:"hour";s:1:"6";s:6:"minute";s:2:"30";}]]></wp:meta_value>
		</wp:postmeta>
		<wp:postmeta>
			<wp:meta_key><![CDATA[arrival_stop_1]]></wp:meta_key>
			<wp:meta_value><![CDATA[a:2:{s:4:"hour";s:1:"0";s:6:"minute";s:1:"0";}]]></wp:meta_value>
		</wp:postmeta>
		<wp:postmeta>
			<wp:meta_key><![CDATA[st_stopover_time_1]]></wp:meta_key>
			<wp:meta_value><![CDATA[a:2:{s:4:"hour";s:1:"0";s:6:"minute";s:1:"0";}]]></wp:meta_value>
		</wp:postmeta>
		<wp:postmeta>
			<wp:meta_key><![CDATA[arrival_stop_2]]></wp:meta_key>
			<wp:meta_value><![CDATA[a:2:{s:4:"hour";s:1:"0";s:6:"minute";s:1:"0";}]]></wp:meta_value>
		</wp:postmeta>
		<wp:postmeta>
			<wp:meta_key><![CDATA[st_stopover_time_2]]></wp:meta_key>
			<wp:meta_value><![CDATA[a:2:{s:4:"hour";s:1:"0";s:6:"minute";s:1:"0";}]]></wp:meta_value>
		</wp:postmeta>
		<wp:postmeta>
			<wp:meta_key><![CDATA[departure_stop_2]]></wp:meta_key>
			<wp:meta_value><![CDATA[a:2:{s:4:"hour";s:1:"0";s:6:"minute";s:1:"0";}]]></wp:meta_value>
		</wp:postmeta>
		<wp:postmeta>
			<wp:meta_key><![CDATA[max_ticket]]></wp:meta_key>
			<wp:meta_value><![CDATA[100]]></wp:meta_value>
		</wp:postmeta>
		<wp:postmeta>
			<wp:meta_key><![CDATA[enable_tax]]></wp:meta_key>
			<wp:meta_value><![CDATA[yes_not_included]]></wp:meta_value>
		</wp:postmeta>
		<wp:postmeta>
			<wp:meta_key><![CDATA[vat_amount]]></wp:meta_key>
			<wp:meta_value><![CDATA[10]]></wp:meta_value>
		</wp:postmeta>
		<wp:postmeta>
			<wp:meta_key><![CDATA[is_meta_payment_gateway_st_submit_form]]></wp:meta_key>
			<wp:meta_value><![CDATA[on]]></wp:meta_value>
		</wp:postmeta>
		<wp:postmeta>
			<wp:meta_key><![CDATA[is_meta_payment_gateway_st_paypal]]></wp:meta_key>
			<wp:meta_value><![CDATA[on]]></wp:meta_value>
		</wp:postmeta>
		<wp:postmeta>
			<wp:meta_key><![CDATA[is_meta_payment_gateway_st_paypal_adaptivepayment]]></wp:meta_key>
			<wp:meta_value><![CDATA[on]]></wp:meta_value>
		</wp:postmeta>
		<wp:postmeta>
			<wp:meta_key><![CDATA[is_meta_payment_gateway_st_stripe]]></wp:meta_key>
			<wp:meta_value><![CDATA[on]]></wp:meta_value>
		</wp:postmeta>
		<wp:postmeta>
			<wp:meta_key><![CDATA[is_meta_payment_gateway_st_payfast]]></wp:meta_key>
			<wp:meta_value><![CDATA[on]]></wp:meta_value>
		</wp:postmeta>
	</item>
	<item>
		<title>New York - Ha Noi 1</title>
		<link>http://travelerdata.wpengine.com/st_flight/new-york-ha-noi-1/</link>
		<pubDate>Wed, 26 Jul 2017 01:48:04 +0000</pubDate>
		<dc:creator><![CDATA[admin]]></dc:creator>
		<guid isPermaLink="false">http://travelerdata.wpengine.com/?post_type=st_flight&#038;p=6646</guid>
		<description></description>
		<content:encoded><![CDATA[]]></content:encoded>
		<excerpt:encoded><![CDATA[]]></excerpt:encoded>
		<wp:post_id>6646</wp:post_id>
		<wp:post_date><![CDATA[2017-07-26 01:48:04]]></wp:post_date>
		<wp:post_date_gmt><![CDATA[2017-07-26 01:48:04]]></wp:post_date_gmt>
		<wp:comment_status><![CDATA[closed]]></wp:comment_status>
		<wp:ping_status><![CDATA[closed]]></wp:ping_status>
		<wp:post_name><![CDATA[new-york-ha-noi-1]]></wp:post_name>
		<wp:status><![CDATA[publish]]></wp:status>
		<wp:post_parent>0</wp:post_parent>
		<wp:menu_order>0</wp:menu_order>
		<wp:post_type><![CDATA[st_flight]]></wp:post_type>
		<wp:post_password><![CDATA[]]></wp:post_password>
		<wp:is_sticky>0</wp:is_sticky>
		<category domain="st_airline" nicename="american-airlines"><![CDATA[American Airlines]]></category>
		<category domain="st_airport" nicename="john-f-kennedy-international-airport"><![CDATA[John F. Kennedy International Airport]]></category>
		<category domain="st_airport" nicename="noi-bai-airport"><![CDATA[Noi Bai Airport]]></category>
		<wp:postmeta>
			<wp:meta_key><![CDATA[min_price]]></wp:meta_key>
			<wp:meta_value><![CDATA[]]></wp:meta_value>
		</wp:postmeta>
		<wp:postmeta>
			<wp:meta_key><![CDATA[rate_review]]></wp:meta_key>
			<wp:meta_value><![CDATA[0]]></wp:meta_value>
		</wp:postmeta>
		<wp:postmeta>
			<wp:meta_key><![CDATA[_vc_post_settings]]></wp:meta_key>
			<wp:meta_value><![CDATA[a:1:{s:10:"vc_grid_id";a:0:{}}]]></wp:meta_value>
		</wp:postmeta>
		<wp:postmeta>
			<wp:meta_key><![CDATA[_edit_last]]></wp:meta_key>
			<wp:meta_value><![CDATA[1]]></wp:meta_value>
		</wp:postmeta>
		<wp:postmeta>
			<wp:meta_key><![CDATA[airline]]></wp:meta_key>
			<wp:meta_value><![CDATA[147]]></wp:meta_value>
		</wp:postmeta>
		<wp:postmeta>
			<wp:meta_key><![CDATA[origin]]></wp:meta_key>
			<wp:meta_value><![CDATA[144]]></wp:meta_value>
		</wp:postmeta>
		<wp:postmeta>
			<wp:meta_key><![CDATA[destination]]></wp:meta_key>
			<wp:meta_value><![CDATA[140]]></wp:meta_value>
		</wp:postmeta>
		<wp:postmeta>
			<wp:meta_key><![CDATA[departure_time]]></wp:meta_key>
			<wp:meta_value><![CDATA[07:00 am]]></wp:meta_value>
		</wp:postmeta>
		<wp:postmeta>
			<wp:meta_key><![CDATA[total_time]]></wp:meta_key>
			<wp:meta_value><![CDATA[a:2:{s:4:"hour";s:2:"10";s:6:"minute";s:2:"20";}]]></wp:meta_value>
		</wp:postmeta>
		<wp:postmeta>
			<wp:meta_key><![CDATA[flight_type]]></wp:meta_key>
			<wp:meta_value><![CDATA[direct]]></wp:meta_value>
		</wp:postmeta>
		<wp:postmeta>
			<wp:meta_key><![CDATA[arrival_stop]]></wp:meta_key>
			<wp:meta_value><![CDATA[a:2:{s:4:"hour";s:1:"0";s:6:"minute";s:1:"0";}]]></wp:meta_value>
		</wp:postmeta>
		<wp:postmeta>
			<wp:meta_key><![CDATA[st_stopover_time]]></wp:meta_key>
			<wp:meta_value><![CDATA[a:2:{s:4:"hour";s:1:"0";s:6:"minute";s:1:"0";}]]></wp:meta_value>
		</wp:postmeta>
		<wp:postmeta>
			<wp:meta_key><![CDATA[departure_stop]]></wp:meta_key>
			<wp:meta_value><![CDATA[a:2:{s:4:"hour";s:1:"0";s:6:"minute";s:1:"0";}]]></wp:meta_value>
		</wp:postmeta>
		<wp:postmeta>
			<wp:meta_key><![CDATA[arrival_stop_1]]></wp:meta_key>
			<wp:meta_value><![CDATA[a:2:{s:4:"hour";s:1:"0";s:6:"minute";s:1:"0";}]]></wp:meta_value>
		</wp:postmeta>
		<wp:postmeta>
			<wp:meta_key><![CDATA[st_stopover_time_1]]></wp:meta_key>
			<wp:meta_value><![CDATA[a:2:{s:4:"hour";s:1:"0";s:6:"minute";s:1:"0";}]]></wp:meta_value>
		</wp:postmeta>
		<wp:postmeta>
			<wp:meta_key><![CDATA[arrival_stop_2]]></wp:meta_key>
			<wp:meta_value><![CDATA[a:2:{s:4:"hour";s:1:"0";s:6:"minute";s:1:"0";}]]></wp:meta_value>
		</wp:postmeta>
		<wp:postmeta>
			<wp:meta_key><![CDATA[st_stopover_time_2]]></wp:meta_key>
			<wp:meta_value><![CDATA[a:2:{s:4:"hour";s:1:"0";s:6:"minute";s:1:"0";}]]></wp:meta_value>
		</wp:postmeta>
		<wp:postmeta>
			<wp:meta_key><![CDATA[departure_stop_2]]></wp:meta_key>
			<wp:meta_value><![CDATA[a:2:{s:4:"hour";s:1:"0";s:6:"minute";s:1:"0";}]]></wp:meta_value>
		</wp:postmeta>
		<wp:postmeta>
			<wp:meta_key><![CDATA[max_ticket]]></wp:meta_key>
			<wp:meta_value><![CDATA[100]]></wp:meta_value>
		</wp:postmeta>
		<wp:postmeta>
			<wp:meta_key><![CDATA[enable_tax]]></wp:meta_key>
			<wp:meta_value><![CDATA[yes_not_included]]></wp:meta_value>
		</wp:postmeta>
		<wp:postmeta>
			<wp:meta_key><![CDATA[vat_amount]]></wp:meta_key>
			<wp:meta_value><![CDATA[10]]></wp:meta_value>
		</wp:postmeta>
		<wp:postmeta>
			<wp:meta_key><![CDATA[is_meta_payment_gateway_st_submit_form]]></wp:meta_key>
			<wp:meta_value><![CDATA[on]]></wp:meta_value>
		</wp:postmeta>
		<wp:postmeta>
			<wp:meta_key><![CDATA[is_meta_payment_gateway_st_paypal]]></wp:meta_key>
			<wp:meta_value><![CDATA[on]]></wp:meta_value>
		</wp:postmeta>
		<wp:postmeta>
			<wp:meta_key><![CDATA[is_meta_payment_gateway_st_paypal_adaptivepayment]]></wp:meta_key>
			<wp:meta_value><![CDATA[on]]></wp:meta_value>
		</wp:postmeta>
		<wp:postmeta>
			<wp:meta_key><![CDATA[is_meta_payment_gateway_st_stripe]]></wp:meta_key>
			<wp:meta_value><![CDATA[on]]></wp:meta_value>
		</wp:postmeta>
		<wp:postmeta>
			<wp:meta_key><![CDATA[is_meta_payment_gateway_st_payfast]]></wp:meta_key>
			<wp:meta_value><![CDATA[on]]></wp:meta_value>
		</wp:postmeta>
	</item>
	<item>
		<title>Moscow - Berlin</title>
		<link>http://travelerdata.wpengine.com/st_flight/moscow-berlin/</link>
		<pubDate>Wed, 26 Jul 2017 08:11:18 +0000</pubDate>
		<dc:creator><![CDATA[admin]]></dc:creator>
		<guid isPermaLink="false">http://travelerdata.wpengine.com/?post_type=st_flight&#038;p=6648</guid>
		<description></description>
		<content:encoded><![CDATA[]]></content:encoded>
		<excerpt:encoded><![CDATA[]]></excerpt:encoded>
		<wp:post_id>6648</wp:post_id>
		<wp:post_date><![CDATA[2017-07-26 08:11:18]]></wp:post_date>
		<wp:post_date_gmt><![CDATA[2017-07-26 08:11:18]]></wp:post_date_gmt>
		<wp:comment_status><![CDATA[closed]]></wp:comment_status>
		<wp:ping_status><![CDATA[closed]]></wp:ping_status>
		<wp:post_name><![CDATA[moscow-berlin]]></wp:post_name>
		<wp:status><![CDATA[publish]]></wp:status>
		<wp:post_parent>0</wp:post_parent>
		<wp:menu_order>0</wp:menu_order>
		<wp:post_type><![CDATA[st_flight]]></wp:post_type>
		<wp:post_password><![CDATA[]]></wp:post_password>
		<wp:is_sticky>0</wp:is_sticky>
		<category domain="st_airline" nicename="aeroflot"><![CDATA[Aeroflot]]></category>
		<category domain="st_airport" nicename="berlin-brandenburg-airport"><![CDATA[Berlin-Brandenburg Airport]]></category>
		<category domain="st_airport" nicename="moscow-domodedovo-airport"><![CDATA[Moscow Domodedovo Airport]]></category>
		<wp:postmeta>
			<wp:meta_key><![CDATA[min_price]]></wp:meta_key>
			<wp:meta_value><![CDATA[]]></wp:meta_value>
		</wp:postmeta>
		<wp:postmeta>
			<wp:meta_key><![CDATA[rate_review]]></wp:meta_key>
			<wp:meta_value><![CDATA[0]]></wp:meta_value>
		</wp:postmeta>
		<wp:postmeta>
			<wp:meta_key><![CDATA[_vc_post_settings]]></wp:meta_key>
			<wp:meta_value><![CDATA[a:1:{s:10:"vc_grid_id";a:0:{}}]]></wp:meta_value>
		</wp:postmeta>
		<wp:postmeta>
			<wp:meta_key><![CDATA[_edit_last]]></wp:meta_key>
			<wp:meta_value><![CDATA[1]]></wp:meta_value>
		</wp:postmeta>
		<wp:postmeta>
			<wp:meta_key><![CDATA[airline]]></wp:meta_key>
			<wp:meta_value><![CDATA[150]]></wp:meta_value>
		</wp:postmeta>
		<wp:postmeta>
			<wp:meta_key><![CDATA[origin]]></wp:meta_key>
			<wp:meta_value><![CDATA[137]]></wp:meta_value>
		</wp:postmeta>
		<wp:postmeta>
			<wp:meta_key><![CDATA[destination]]></wp:meta_key>
			<wp:meta_value><![CDATA[139]]></wp:meta_value>
		</wp:postmeta>
		<wp:postmeta>
			<wp:meta_key><![CDATA[departure_time]]></wp:meta_key>
			<wp:meta_value><![CDATA[11:00 am]]></wp:meta_value>
		</wp:postmeta>
		<wp:postmeta>
			<wp:meta_key><![CDATA[total_time]]></wp:meta_key>
			<wp:meta_value><![CDATA[a:2:{s:4:"hour";s:1:"8";s:6:"minute";s:1:"0";}]]></wp:meta_value>
		</wp:postmeta>
		<wp:postmeta>
			<wp:meta_key><![CDATA[flight_type]]></wp:meta_key>
			<wp:meta_value><![CDATA[direct]]></wp:meta_value>
		</wp:postmeta>
		<wp:postmeta>
			<wp:meta_key><![CDATA[arrival_stop]]></wp:meta_key>
			<wp:meta_value><![CDATA[a:2:{s:4:"hour";s:1:"0";s:6:"minute";s:1:"0";}]]></wp:meta_value>
		</wp:postmeta>
		<wp:postmeta>
			<wp:meta_key><![CDATA[st_stopover_time]]></wp:meta_key>
			<wp:meta_value><![CDATA[a:2:{s:4:"hour";s:1:"0";s:6:"minute";s:1:"0";}]]></wp:meta_value>
		</wp:postmeta>
		<wp:postmeta>
			<wp:meta_key><![CDATA[departure_stop]]></wp:meta_key>
			<wp:meta_value><![CDATA[a:2:{s:4:"hour";s:1:"0";s:6:"minute";s:1:"0";}]]></wp:meta_value>
		</wp:postmeta>
		<wp:postmeta>
			<wp:meta_key><![CDATA[arrival_stop_1]]></wp:meta_key>
			<wp:meta_value><![CDATA[a:2:{s:4:"hour";s:1:"0";s:6:"minute";s:1:"0";}]]></wp:meta_value>
		</wp:postmeta>
		<wp:postmeta>
			<wp:meta_key><![CDATA[st_stopover_time_1]]></wp:meta_key>
			<wp:meta_value><![CDATA[a:2:{s:4:"hour";s:1:"0";s:6:"minute";s:1:"0";}]]></wp:meta_value>
		</wp:postmeta>
		<wp:postmeta>
			<wp:meta_key><![CDATA[arrival_stop_2]]></wp:meta_key>
			<wp:meta_value><![CDATA[a:2:{s:4:"hour";s:1:"0";s:6:"minute";s:1:"0";}]]></wp:meta_value>
		</wp:postmeta>
		<wp:postmeta>
			<wp:meta_key><![CDATA[st_stopover_time_2]]></wp:meta_key>
			<wp:meta_value><![CDATA[a:2:{s:4:"hour";s:1:"0";s:6:"minute";s:1:"0";}]]></wp:meta_value>
		</wp:postmeta>
		<wp:postmeta>
			<wp:meta_key><![CDATA[departure_stop_2]]></wp:meta_key>
			<wp:meta_value><![CDATA[a:2:{s:4:"hour";s:1:"0";s:6:"minute";s:1:"0";}]]></wp:meta_value>
		</wp:postmeta>
		<wp:postmeta>
			<wp:meta_key><![CDATA[max_ticket]]></wp:meta_key>
			<wp:meta_value><![CDATA[20]]></wp:meta_value>
		</wp:postmeta>
		<wp:postmeta>
			<wp:meta_key><![CDATA[enable_tax]]></wp:meta_key>
			<wp:meta_value><![CDATA[yes_not_included]]></wp:meta_value>
		</wp:postmeta>
		<wp:postmeta>
			<wp:meta_key><![CDATA[vat_amount]]></wp:meta_key>
			<wp:meta_value><![CDATA[10]]></wp:meta_value>
		</wp:postmeta>
		<wp:postmeta>
			<wp:meta_key><![CDATA[is_meta_payment_gateway_st_submit_form]]></wp:meta_key>
			<wp:meta_value><![CDATA[on]]></wp:meta_value>
		</wp:postmeta>
		<wp:postmeta>
			<wp:meta_key><![CDATA[is_meta_payment_gateway_st_paypal]]></wp:meta_key>
			<wp:meta_value><![CDATA[on]]></wp:meta_value>
		</wp:postmeta>
		<wp:postmeta>
			<wp:meta_key><![CDATA[is_meta_payment_gateway_st_paypal_adaptivepayment]]></wp:meta_key>
			<wp:meta_value><![CDATA[on]]></wp:meta_value>
		</wp:postmeta>
		<wp:postmeta>
			<wp:meta_key><![CDATA[is_meta_payment_gateway_st_stripe]]></wp:meta_key>
			<wp:meta_value><![CDATA[on]]></wp:meta_value>
		</wp:postmeta>
		<wp:postmeta>
			<wp:meta_key><![CDATA[is_meta_payment_gateway_st_payfast]]></wp:meta_key>
			<wp:meta_value><![CDATA[on]]></wp:meta_value>
		</wp:postmeta>
	</item>
	<item>
		<title>Rome - Boston</title>
		<link>http://travelerdata.wpengine.com/st_flight/rome-boston/</link>
		<pubDate>Wed, 26 Jul 2017 08:59:31 +0000</pubDate>
		<dc:creator><![CDATA[admin]]></dc:creator>
		<guid isPermaLink="false">http://travelerdata.wpengine.com/?post_type=st_flight&#038;p=6654</guid>
		<description></description>
		<content:encoded><![CDATA[]]></content:encoded>
		<excerpt:encoded><![CDATA[]]></excerpt:encoded>
		<wp:post_id>6654</wp:post_id>
		<wp:post_date><![CDATA[2017-07-26 08:59:31]]></wp:post_date>
		<wp:post_date_gmt><![CDATA[2017-07-26 08:59:31]]></wp:post_date_gmt>
		<wp:comment_status><![CDATA[closed]]></wp:comment_status>
		<wp:ping_status><![CDATA[closed]]></wp:ping_status>
		<wp:post_name><![CDATA[rome-boston]]></wp:post_name>
		<wp:status><![CDATA[publish]]></wp:status>
		<wp:post_parent>0</wp:post_parent>
		<wp:menu_order>0</wp:menu_order>
		<wp:post_type><![CDATA[st_flight]]></wp:post_type>
		<wp:post_password><![CDATA[]]></wp:post_password>
		<wp:is_sticky>0</wp:is_sticky>
		<category domain="st_airport" nicename="leonardo-da-vinci"><![CDATA[Leonardo da Vinci Airport]]></category>
		<category domain="st_airport" nicename="logan-international-airport"><![CDATA[Logan International Airport]]></category>
		<category domain="st_airline" nicename="ryan-air"><![CDATA[Ryan Air]]></category>
		<wp:postmeta>
			<wp:meta_key><![CDATA[min_price]]></wp:meta_key>
			<wp:meta_value><![CDATA[]]></wp:meta_value>
		</wp:postmeta>
		<wp:postmeta>
			<wp:meta_key><![CDATA[rate_review]]></wp:meta_key>
			<wp:meta_value><![CDATA[0]]></wp:meta_value>
		</wp:postmeta>
		<wp:postmeta>
			<wp:meta_key><![CDATA[_vc_post_settings]]></wp:meta_key>
			<wp:meta_value><![CDATA[a:1:{s:10:"vc_grid_id";a:0:{}}]]></wp:meta_value>
		</wp:postmeta>
		<wp:postmeta>
			<wp:meta_key><![CDATA[_edit_last]]></wp:meta_key>
			<wp:meta_value><![CDATA[1]]></wp:meta_value>
		</wp:postmeta>
		<wp:postmeta>
			<wp:meta_key><![CDATA[airline]]></wp:meta_key>
			<wp:meta_value><![CDATA[152]]></wp:meta_value>
		</wp:postmeta>
		<wp:postmeta>
			<wp:meta_key><![CDATA[origin]]></wp:meta_key>
			<wp:meta_value><![CDATA[138]]></wp:meta_value>
		</wp:postmeta>
		<wp:postmeta>
			<wp:meta_key><![CDATA[destination]]></wp:meta_key>
			<wp:meta_value><![CDATA[142]]></wp:meta_value>
		</wp:postmeta>
		<wp:postmeta>
			<wp:meta_key><![CDATA[departure_time]]></wp:meta_key>
			<wp:meta_value><![CDATA[04:00 pm]]></wp:meta_value>
		</wp:postmeta>
		<wp:postmeta>
			<wp:meta_key><![CDATA[total_time]]></wp:meta_key>
			<wp:meta_value><![CDATA[a:2:{s:4:"hour";s:1:"6";s:6:"minute";s:2:"10";}]]></wp:meta_value>
		</wp:postmeta>
		<wp:postmeta>
			<wp:meta_key><![CDATA[flight_type]]></wp:meta_key>
			<wp:meta_value><![CDATA[direct]]></wp:meta_value>
		</wp:postmeta>
		<wp:postmeta>
			<wp:meta_key><![CDATA[arrival_stop]]></wp:meta_key>
			<wp:meta_value><![CDATA[a:2:{s:4:"hour";s:1:"0";s:6:"minute";s:1:"0";}]]></wp:meta_value>
		</wp:postmeta>
		<wp:postmeta>
			<wp:meta_key><![CDATA[st_stopover_time]]></wp:meta_key>
			<wp:meta_value><![CDATA[a:2:{s:4:"hour";s:1:"0";s:6:"minute";s:1:"0";}]]></wp:meta_value>
		</wp:postmeta>
		<wp:postmeta>
			<wp:meta_key><![CDATA[departure_stop]]></wp:meta_key>
			<wp:meta_value><![CDATA[a:2:{s:4:"hour";s:1:"0";s:6:"minute";s:1:"0";}]]></wp:meta_value>
		</wp:postmeta>
		<wp:postmeta>
			<wp:meta_key><![CDATA[arrival_stop_1]]></wp:meta_key>
			<wp:meta_value><![CDATA[a:2:{s:4:"hour";s:1:"0";s:6:"minute";s:1:"0";}]]></wp:meta_value>
		</wp:postmeta>
		<wp:postmeta>
			<wp:meta_key><![CDATA[st_stopover_time_1]]></wp:meta_key>
			<wp:meta_value><![CDATA[a:2:{s:4:"hour";s:1:"0";s:6:"minute";s:1:"0";}]]></wp:meta_value>
		</wp:postmeta>
		<wp:postmeta>
			<wp:meta_key><![CDATA[arrival_stop_2]]></wp:meta_key>
			<wp:meta_value><![CDATA[a:2:{s:4:"hour";s:1:"0";s:6:"minute";s:1:"0";}]]></wp:meta_value>
		</wp:postmeta>
		<wp:postmeta>
			<wp:meta_key><![CDATA[st_stopover_time_2]]></wp:meta_key>
			<wp:meta_value><![CDATA[a:2:{s:4:"hour";s:1:"0";s:6:"minute";s:1:"0";}]]></wp:meta_value>
		</wp:postmeta>
		<wp:postmeta>
			<wp:meta_key><![CDATA[departure_stop_2]]></wp:meta_key>
			<wp:meta_value><![CDATA[a:2:{s:4:"hour";s:1:"0";s:6:"minute";s:1:"0";}]]></wp:meta_value>
		</wp:postmeta>
		<wp:postmeta>
			<wp:meta_key><![CDATA[max_ticket]]></wp:meta_key>
			<wp:meta_value><![CDATA[100]]></wp:meta_value>
		</wp:postmeta>
		<wp:postmeta>
			<wp:meta_key><![CDATA[enable_tax]]></wp:meta_key>
			<wp:meta_value><![CDATA[yes_not_included]]></wp:meta_value>
		</wp:postmeta>
		<wp:postmeta>
			<wp:meta_key><![CDATA[vat_amount]]></wp:meta_key>
			<wp:meta_value><![CDATA[10]]></wp:meta_value>
		</wp:postmeta>
		<wp:postmeta>
			<wp:meta_key><![CDATA[is_meta_payment_gateway_st_submit_form]]></wp:meta_key>
			<wp:meta_value><![CDATA[on]]></wp:meta_value>
		</wp:postmeta>
		<wp:postmeta>
			<wp:meta_key><![CDATA[is_meta_payment_gateway_st_paypal]]></wp:meta_key>
			<wp:meta_value><![CDATA[on]]></wp:meta_value>
		</wp:postmeta>
		<wp:postmeta>
			<wp:meta_key><![CDATA[is_meta_payment_gateway_st_paypal_adaptivepayment]]></wp:meta_key>
			<wp:meta_value><![CDATA[on]]></wp:meta_value>
		</wp:postmeta>
		<wp:postmeta>
			<wp:meta_key><![CDATA[is_meta_payment_gateway_st_stripe]]></wp:meta_key>
			<wp:meta_value><![CDATA[on]]></wp:meta_value>
		</wp:postmeta>
		<wp:postmeta>
			<wp:meta_key><![CDATA[is_meta_payment_gateway_st_payfast]]></wp:meta_key>
			<wp:meta_value><![CDATA[on]]></wp:meta_value>
		</wp:postmeta>
	</item>
	<item>
		<title>Boston - New York</title>
		<link>http://travelerdata.wpengine.com/st_flight/boston-new-york/</link>
		<pubDate>Wed, 26 Jul 2017 09:02:07 +0000</pubDate>
		<dc:creator><![CDATA[admin]]></dc:creator>
		<guid isPermaLink="false">http://travelerdata.wpengine.com/?post_type=st_flight&#038;p=6656</guid>
		<description></description>
		<content:encoded><![CDATA[]]></content:encoded>
		<excerpt:encoded><![CDATA[]]></excerpt:encoded>
		<wp:post_id>6656</wp:post_id>
		<wp:post_date><![CDATA[2017-07-26 09:02:07]]></wp:post_date>
		<wp:post_date_gmt><![CDATA[2017-07-26 09:02:07]]></wp:post_date_gmt>
		<wp:comment_status><![CDATA[closed]]></wp:comment_status>
		<wp:ping_status><![CDATA[closed]]></wp:ping_status>
		<wp:post_name><![CDATA[boston-new-york]]></wp:post_name>
		<wp:status><![CDATA[publish]]></wp:status>
		<wp:post_parent>0</wp:post_parent>
		<wp:menu_order>0</wp:menu_order>
		<wp:post_type><![CDATA[st_flight]]></wp:post_type>
		<wp:post_password><![CDATA[]]></wp:post_password>
		<wp:is_sticky>0</wp:is_sticky>
		<category domain="st_airline" nicename="air-sunshine"><![CDATA[Air Sunshine]]></category>
		<category domain="st_airport" nicename="logan-international-airport"><![CDATA[Logan International Airport]]></category>
		<category domain="st_airport" nicename="orly-airport"><![CDATA[Orly Airport]]></category>
		<wp:postmeta>
			<wp:meta_key><![CDATA[min_price]]></wp:meta_key>
			<wp:meta_value><![CDATA[]]></wp:meta_value>
		</wp:postmeta>
		<wp:postmeta>
			<wp:meta_key><![CDATA[rate_review]]></wp:meta_key>
			<wp:meta_value><![CDATA[0]]></wp:meta_value>
		</wp:postmeta>
		<wp:postmeta>
			<wp:meta_key><![CDATA[_vc_post_settings]]></wp:meta_key>
			<wp:meta_value><![CDATA[a:1:{s:10:"vc_grid_id";a:0:{}}]]></wp:meta_value>
		</wp:postmeta>
		<wp:postmeta>
			<wp:meta_key><![CDATA[_edit_last]]></wp:meta_key>
			<wp:meta_value><![CDATA[1]]></wp:meta_value>
		</wp:postmeta>
		<wp:postmeta>
			<wp:meta_key><![CDATA[airline]]></wp:meta_key>
			<wp:meta_value><![CDATA[148]]></wp:meta_value>
		</wp:postmeta>
		<wp:postmeta>
			<wp:meta_key><![CDATA[origin]]></wp:meta_key>
			<wp:meta_value><![CDATA[142]]></wp:meta_value>
		</wp:postmeta>
		<wp:postmeta>
			<wp:meta_key><![CDATA[destination]]></wp:meta_key>
			<wp:meta_value><![CDATA[124]]></wp:meta_value>
		</wp:postmeta>
		<wp:postmeta>
			<wp:meta_key><![CDATA[departure_time]]></wp:meta_key>
			<wp:meta_value><![CDATA[11:00 am]]></wp:meta_value>
		</wp:postmeta>
		<wp:postmeta>
			<wp:meta_key><![CDATA[total_time]]></wp:meta_key>
			<wp:meta_value><![CDATA[a:2:{s:4:"hour";s:1:"1";s:6:"minute";s:2:"10";}]]></wp:meta_value>
		</wp:postmeta>
		<wp:postmeta>
			<wp:meta_key><![CDATA[flight_type]]></wp:meta_key>
			<wp:meta_value><![CDATA[direct]]></wp:meta_value>
		</wp:postmeta>
		<wp:postmeta>
			<wp:meta_key><![CDATA[arrival_stop]]></wp:meta_key>
			<wp:meta_value><![CDATA[a:2:{s:4:"hour";s:1:"0";s:6:"minute";s:1:"0";}]]></wp:meta_value>
		</wp:postmeta>
		<wp:postmeta>
			<wp:meta_key><![CDATA[st_stopover_time]]></wp:meta_key>
			<wp:meta_value><![CDATA[a:2:{s:4:"hour";s:1:"0";s:6:"minute";s:1:"0";}]]></wp:meta_value>
		</wp:postmeta>
		<wp:postmeta>
			<wp:meta_key><![CDATA[departure_stop]]></wp:meta_key>
			<wp:meta_value><![CDATA[a:2:{s:4:"hour";s:1:"0";s:6:"minute";s:1:"0";}]]></wp:meta_value>
		</wp:postmeta>
		<wp:postmeta>
			<wp:meta_key><![CDATA[arrival_stop_1]]></wp:meta_key>
			<wp:meta_value><![CDATA[a:2:{s:4:"hour";s:1:"0";s:6:"minute";s:1:"0";}]]></wp:meta_value>
		</wp:postmeta>
		<wp:postmeta>
			<wp:meta_key><![CDATA[st_stopover_time_1]]></wp:meta_key>
			<wp:meta_value><![CDATA[a:2:{s:4:"hour";s:1:"0";s:6:"minute";s:1:"0";}]]></wp:meta_value>
		</wp:postmeta>
		<wp:postmeta>
			<wp:meta_key><![CDATA[arrival_stop_2]]></wp:meta_key>
			<wp:meta_value><![CDATA[a:2:{s:4:"hour";s:1:"0";s:6:"minute";s:1:"0";}]]></wp:meta_value>
		</wp:postmeta>
		<wp:postmeta>
			<wp:meta_key><![CDATA[st_stopover_time_2]]></wp:meta_key>
			<wp:meta_value><![CDATA[a:2:{s:4:"hour";s:1:"0";s:6:"minute";s:1:"0";}]]></wp:meta_value>
		</wp:postmeta>
		<wp:postmeta>
			<wp:meta_key><![CDATA[departure_stop_2]]></wp:meta_key>
			<wp:meta_value><![CDATA[a:2:{s:4:"hour";s:1:"0";s:6:"minute";s:1:"0";}]]></wp:meta_value>
		</wp:postmeta>
		<wp:postmeta>
			<wp:meta_key><![CDATA[max_ticket]]></wp:meta_key>
			<wp:meta_value><![CDATA[100]]></wp:meta_value>
		</wp:postmeta>
		<wp:postmeta>
			<wp:meta_key><![CDATA[enable_tax]]></wp:meta_key>
			<wp:meta_value><![CDATA[yes_not_included]]></wp:meta_value>
		</wp:postmeta>
		<wp:postmeta>
			<wp:meta_key><![CDATA[vat_amount]]></wp:meta_key>
			<wp:meta_value><![CDATA[10]]></wp:meta_value>
		</wp:postmeta>
		<wp:postmeta>
			<wp:meta_key><![CDATA[is_meta_payment_gateway_st_submit_form]]></wp:meta_key>
			<wp:meta_value><![CDATA[on]]></wp:meta_value>
		</wp:postmeta>
		<wp:postmeta>
			<wp:meta_key><![CDATA[is_meta_payment_gateway_st_paypal]]></wp:meta_key>
			<wp:meta_value><![CDATA[on]]></wp:meta_value>
		</wp:postmeta>
		<wp:postmeta>
			<wp:meta_key><![CDATA[is_meta_payment_gateway_st_paypal_adaptivepayment]]></wp:meta_key>
			<wp:meta_value><![CDATA[on]]></wp:meta_value>
		</wp:postmeta>
		<wp:postmeta>
			<wp:meta_key><![CDATA[is_meta_payment_gateway_st_stripe]]></wp:meta_key>
			<wp:meta_value><![CDATA[on]]></wp:meta_value>
		</wp:postmeta>
		<wp:postmeta>
			<wp:meta_key><![CDATA[is_meta_payment_gateway_st_payfast]]></wp:meta_key>
			<wp:meta_value><![CDATA[on]]></wp:meta_value>
		</wp:postmeta>
	</item>
	<item>
		<title>Sydney - San Francisco</title>
		<link>http://travelerdata.wpengine.com/st_flight/sydney-san-francisco/</link>
		<pubDate>Wed, 26 Jul 2017 09:04:52 +0000</pubDate>
		<dc:creator><![CDATA[admin]]></dc:creator>
		<guid isPermaLink="false">http://travelerdata.wpengine.com/?post_type=st_flight&#038;p=6658</guid>
		<description></description>
		<content:encoded><![CDATA[]]></content:encoded>
		<excerpt:encoded><![CDATA[]]></excerpt:encoded>
		<wp:post_id>6658</wp:post_id>
		<wp:post_date><![CDATA[2017-07-26 09:04:52]]></wp:post_date>
		<wp:post_date_gmt><![CDATA[2017-07-26 09:04:52]]></wp:post_date_gmt>
		<wp:comment_status><![CDATA[closed]]></wp:comment_status>
		<wp:ping_status><![CDATA[closed]]></wp:ping_status>
		<wp:post_name><![CDATA[sydney-san-francisco]]></wp:post_name>
		<wp:status><![CDATA[publish]]></wp:status>
		<wp:post_parent>0</wp:post_parent>
		<wp:menu_order>0</wp:menu_order>
		<wp:post_type><![CDATA[st_flight]]></wp:post_type>
		<wp:post_password><![CDATA[]]></wp:post_password>
		<wp:is_sticky>0</wp:is_sticky>
		<category domain="st_airport" nicename="san-francisco-international-airport"><![CDATA[San Francisco International Airport]]></category>
		<category domain="st_airport" nicename="sydney-kingsford-smith-airport"><![CDATA[Sydney (Kingsford Smith) Airport]]></category>
		<category domain="st_airline" nicename="virgin-australia"><![CDATA[Virgin Australia]]></category>
		<wp:postmeta>
			<wp:meta_key><![CDATA[min_price]]></wp:meta_key>
			<wp:meta_value><![CDATA[]]></wp:meta_value>
		</wp:postmeta>
		<wp:postmeta>
			<wp:meta_key><![CDATA[rate_review]]></wp:meta_key>
			<wp:meta_value><![CDATA[0]]></wp:meta_value>
		</wp:postmeta>
		<wp:postmeta>
			<wp:meta_key><![CDATA[_vc_post_settings]]></wp:meta_key>
			<wp:meta_value><![CDATA[a:1:{s:10:"vc_grid_id";a:0:{}}]]></wp:meta_value>
		</wp:postmeta>
		<wp:postmeta>
			<wp:meta_key><![CDATA[_edit_last]]></wp:meta_key>
			<wp:meta_value><![CDATA[1]]></wp:meta_value>
		</wp:postmeta>
		<wp:postmeta>
			<wp:meta_key><![CDATA[airline]]></wp:meta_key>
			<wp:meta_value><![CDATA[151]]></wp:meta_value>
		</wp:postmeta>
		<wp:postmeta>
			<wp:meta_key><![CDATA[origin]]></wp:meta_key>
			<wp:meta_value><![CDATA[141]]></wp:meta_value>
		</wp:postmeta>
		<wp:postmeta>
			<wp:meta_key><![CDATA[destination]]></wp:meta_key>
			<wp:meta_value><![CDATA[143]]></wp:meta_value>
		</wp:postmeta>
		<wp:postmeta>
			<wp:meta_key><![CDATA[departure_time]]></wp:meta_key>
			<wp:meta_value><![CDATA[11:30 pm]]></wp:meta_value>
		</wp:postmeta>
		<wp:postmeta>
			<wp:meta_key><![CDATA[total_time]]></wp:meta_key>
			<wp:meta_value><![CDATA[a:2:{s:4:"hour";s:1:"5";s:6:"minute";s:2:"10";}]]></wp:meta_value>
		</wp:postmeta>
		<wp:postmeta>
			<wp:meta_key><![CDATA[flight_type]]></wp:meta_key>
			<wp:meta_value><![CDATA[direct]]></wp:meta_value>
		</wp:postmeta>
		<wp:postmeta>
			<wp:meta_key><![CDATA[arrival_stop]]></wp:meta_key>
			<wp:meta_value><![CDATA[a:2:{s:4:"hour";s:1:"0";s:6:"minute";s:1:"0";}]]></wp:meta_value>
		</wp:postmeta>
		<wp:postmeta>
			<wp:meta_key><![CDATA[st_stopover_time]]></wp:meta_key>
			<wp:meta_value><![CDATA[a:2:{s:4:"hour";s:1:"0";s:6:"minute";s:1:"0";}]]></wp:meta_value>
		</wp:postmeta>
		<wp:postmeta>
			<wp:meta_key><![CDATA[departure_stop]]></wp:meta_key>
			<wp:meta_value><![CDATA[a:2:{s:4:"hour";s:1:"0";s:6:"minute";s:1:"0";}]]></wp:meta_value>
		</wp:postmeta>
		<wp:postmeta>
			<wp:meta_key><![CDATA[arrival_stop_1]]></wp:meta_key>
			<wp:meta_value><![CDATA[a:2:{s:4:"hour";s:1:"0";s:6:"minute";s:1:"0";}]]></wp:meta_value>
		</wp:postmeta>
		<wp:postmeta>
			<wp:meta_key><![CDATA[st_stopover_time_1]]></wp:meta_key>
			<wp:meta_value><![CDATA[a:2:{s:4:"hour";s:1:"0";s:6:"minute";s:1:"0";}]]></wp:meta_value>
		</wp:postmeta>
		<wp:postmeta>
			<wp:meta_key><![CDATA[arrival_stop_2]]></wp:meta_key>
			<wp:meta_value><![CDATA[a:2:{s:4:"hour";s:1:"0";s:6:"minute";s:1:"0";}]]></wp:meta_value>
		</wp:postmeta>
		<wp:postmeta>
			<wp:meta_key><![CDATA[st_stopover_time_2]]></wp:meta_key>
			<wp:meta_value><![CDATA[a:2:{s:4:"hour";s:1:"0";s:6:"minute";s:1:"0";}]]></wp:meta_value>
		</wp:postmeta>
		<wp:postmeta>
			<wp:meta_key><![CDATA[departure_stop_2]]></wp:meta_key>
			<wp:meta_value><![CDATA[a:2:{s:4:"hour";s:1:"0";s:6:"minute";s:1:"0";}]]></wp:meta_value>
		</wp:postmeta>
		<wp:postmeta>
			<wp:meta_key><![CDATA[max_ticket]]></wp:meta_key>
			<wp:meta_value><![CDATA[100]]></wp:meta_value>
		</wp:postmeta>
		<wp:postmeta>
			<wp:meta_key><![CDATA[enable_tax]]></wp:meta_key>
			<wp:meta_value><![CDATA[yes_not_included]]></wp:meta_value>
		</wp:postmeta>
		<wp:postmeta>
			<wp:meta_key><![CDATA[vat_amount]]></wp:meta_key>
			<wp:meta_value><![CDATA[10]]></wp:meta_value>
		</wp:postmeta>
		<wp:postmeta>
			<wp:meta_key><![CDATA[is_meta_payment_gateway_st_submit_form]]></wp:meta_key>
			<wp:meta_value><![CDATA[on]]></wp:meta_value>
		</wp:postmeta>
		<wp:postmeta>
			<wp:meta_key><![CDATA[is_meta_payment_gateway_st_paypal]]></wp:meta_key>
			<wp:meta_value><![CDATA[on]]></wp:meta_value>
		</wp:postmeta>
		<wp:postmeta>
			<wp:meta_key><![CDATA[is_meta_payment_gateway_st_paypal_adaptivepayment]]></wp:meta_key>
			<wp:meta_value><![CDATA[on]]></wp:meta_value>
		</wp:postmeta>
		<wp:postmeta>
			<wp:meta_key><![CDATA[is_meta_payment_gateway_st_stripe]]></wp:meta_key>
			<wp:meta_value><![CDATA[on]]></wp:meta_value>
		</wp:postmeta>
		<wp:postmeta>
			<wp:meta_key><![CDATA[is_meta_payment_gateway_st_payfast]]></wp:meta_key>
			<wp:meta_value><![CDATA[on]]></wp:meta_value>
		</wp:postmeta>
	</item>
	<item>
		<title>Berlin - Hanoi</title>
		<link>http://travelerdata.wpengine.com/st_flight/berlin-hanoi/</link>
		<pubDate>Wed, 26 Jul 2017 09:06:43 +0000</pubDate>
		<dc:creator><![CDATA[admin]]></dc:creator>
		<guid isPermaLink="false">http://travelerdata.wpengine.com/?post_type=st_flight&#038;p=6660</guid>
		<description></description>
		<content:encoded><![CDATA[]]></content:encoded>
		<excerpt:encoded><![CDATA[]]></excerpt:encoded>
		<wp:post_id>6660</wp:post_id>
		<wp:post_date><![CDATA[2017-07-26 09:06:43]]></wp:post_date>
		<wp:post_date_gmt><![CDATA[2017-07-26 09:06:43]]></wp:post_date_gmt>
		<wp:comment_status><![CDATA[closed]]></wp:comment_status>
		<wp:ping_status><![CDATA[closed]]></wp:ping_status>
		<wp:post_name><![CDATA[berlin-hanoi]]></wp:post_name>
		<wp:status><![CDATA[publish]]></wp:status>
		<wp:post_parent>0</wp:post_parent>
		<wp:menu_order>0</wp:menu_order>
		<wp:post_type><![CDATA[st_flight]]></wp:post_type>
		<wp:post_password><![CDATA[]]></wp:post_password>
		<wp:is_sticky>0</wp:is_sticky>
		<category domain="st_airline" nicename="air-berlin"><![CDATA[Air Berlin]]></category>
		<category domain="st_airport" nicename="berlin-brandenburg-airport"><![CDATA[Berlin-Brandenburg Airport]]></category>
		<category domain="st_airport" nicename="noi-bai-airport"><![CDATA[Noi Bai Airport]]></category>
		<wp:postmeta>
			<wp:meta_key><![CDATA[min_price]]></wp:meta_key>
			<wp:meta_value><![CDATA[]]></wp:meta_value>
		</wp:postmeta>
		<wp:postmeta>
			<wp:meta_key><![CDATA[rate_review]]></wp:meta_key>
			<wp:meta_value><![CDATA[0]]></wp:meta_value>
		</wp:postmeta>
		<wp:postmeta>
			<wp:meta_key><![CDATA[_vc_post_settings]]></wp:meta_key>
			<wp:meta_value><![CDATA[a:1:{s:10:"vc_grid_id";a:0:{}}]]></wp:meta_value>
		</wp:postmeta>
		<wp:postmeta>
			<wp:meta_key><![CDATA[_edit_last]]></wp:meta_key>
			<wp:meta_value><![CDATA[1]]></wp:meta_value>
		</wp:postmeta>
		<wp:postmeta>
			<wp:meta_key><![CDATA[airline]]></wp:meta_key>
			<wp:meta_value><![CDATA[149]]></wp:meta_value>
		</wp:postmeta>
		<wp:postmeta>
			<wp:meta_key><![CDATA[origin]]></wp:meta_key>
			<wp:meta_value><![CDATA[139]]></wp:meta_value>
		</wp:postmeta>
		<wp:postmeta>
			<wp:meta_key><![CDATA[destination]]></wp:meta_key>
			<wp:meta_value><![CDATA[140]]></wp:meta_value>
		</wp:postmeta>
		<wp:postmeta>
			<wp:meta_key><![CDATA[departure_time]]></wp:meta_key>
			<wp:meta_value><![CDATA[08:00 pm]]></wp:meta_value>
		</wp:postmeta>
		<wp:postmeta>
			<wp:meta_key><![CDATA[total_time]]></wp:meta_key>
			<wp:meta_value><![CDATA[a:2:{s:4:"hour";s:1:"9";s:6:"minute";s:2:"10";}]]></wp:meta_value>
		</wp:postmeta>
		<wp:postmeta>
			<wp:meta_key><![CDATA[flight_type]]></wp:meta_key>
			<wp:meta_value><![CDATA[direct]]></wp:meta_value>
		</wp:postmeta>
		<wp:postmeta>
			<wp:meta_key><![CDATA[arrival_stop]]></wp:meta_key>
			<wp:meta_value><![CDATA[a:2:{s:4:"hour";s:1:"0";s:6:"minute";s:1:"0";}]]></wp:meta_value>
		</wp:postmeta>
		<wp:postmeta>
			<wp:meta_key><![CDATA[st_stopover_time]]></wp:meta_key>
			<wp:meta_value><![CDATA[a:2:{s:4:"hour";s:1:"0";s:6:"minute";s:1:"0";}]]></wp:meta_value>
		</wp:postmeta>
		<wp:postmeta>
			<wp:meta_key><![CDATA[departure_stop]]></wp:meta_key>
			<wp:meta_value><![CDATA[a:2:{s:4:"hour";s:1:"0";s:6:"minute";s:1:"0";}]]></wp:meta_value>
		</wp:postmeta>
		<wp:postmeta>
			<wp:meta_key><![CDATA[arrival_stop_1]]></wp:meta_key>
			<wp:meta_value><![CDATA[a:2:{s:4:"hour";s:1:"0";s:6:"minute";s:1:"0";}]]></wp:meta_value>
		</wp:postmeta>
		<wp:postmeta>
			<wp:meta_key><![CDATA[st_stopover_time_1]]></wp:meta_key>
			<wp:meta_value><![CDATA[a:2:{s:4:"hour";s:1:"0";s:6:"minute";s:1:"0";}]]></wp:meta_value>
		</wp:postmeta>
		<wp:postmeta>
			<wp:meta_key><![CDATA[arrival_stop_2]]></wp:meta_key>
			<wp:meta_value><![CDATA[a:2:{s:4:"hour";s:1:"0";s:6:"minute";s:1:"0";}]]></wp:meta_value>
		</wp:postmeta>
		<wp:postmeta>
			<wp:meta_key><![CDATA[st_stopover_time_2]]></wp:meta_key>
			<wp:meta_value><![CDATA[a:2:{s:4:"hour";s:1:"0";s:6:"minute";s:1:"0";}]]></wp:meta_value>
		</wp:postmeta>
		<wp:postmeta>
			<wp:meta_key><![CDATA[departure_stop_2]]></wp:meta_key>
			<wp:meta_value><![CDATA[a:2:{s:4:"hour";s:1:"0";s:6:"minute";s:1:"0";}]]></wp:meta_value>
		</wp:postmeta>
		<wp:postmeta>
			<wp:meta_key><![CDATA[max_ticket]]></wp:meta_key>
			<wp:meta_value><![CDATA[50]]></wp:meta_value>
		</wp:postmeta>
		<wp:postmeta>
			<wp:meta_key><![CDATA[enable_tax]]></wp:meta_key>
			<wp:meta_value><![CDATA[yes_not_included]]></wp:meta_value>
		</wp:postmeta>
		<wp:postmeta>
			<wp:meta_key><![CDATA[vat_amount]]></wp:meta_key>
			<wp:meta_value><![CDATA[10]]></wp:meta_value>
		</wp:postmeta>
		<wp:postmeta>
			<wp:meta_key><![CDATA[is_meta_payment_gateway_st_submit_form]]></wp:meta_key>
			<wp:meta_value><![CDATA[on]]></wp:meta_value>
		</wp:postmeta>
		<wp:postmeta>
			<wp:meta_key><![CDATA[is_meta_payment_gateway_st_paypal]]></wp:meta_key>
			<wp:meta_value><![CDATA[on]]></wp:meta_value>
		</wp:postmeta>
		<wp:postmeta>
			<wp:meta_key><![CDATA[is_meta_payment_gateway_st_paypal_adaptivepayment]]></wp:meta_key>
			<wp:meta_value><![CDATA[on]]></wp:meta_value>
		</wp:postmeta>
		<wp:postmeta>
			<wp:meta_key><![CDATA[is_meta_payment_gateway_st_stripe]]></wp:meta_key>
			<wp:meta_value><![CDATA[on]]></wp:meta_value>
		</wp:postmeta>
		<wp:postmeta>
			<wp:meta_key><![CDATA[is_meta_payment_gateway_st_payfast]]></wp:meta_key>
			<wp:meta_value><![CDATA[on]]></wp:meta_value>
		</wp:postmeta>
	</item>
</channel>
</rss>
